Naziv proteina,Pozicija,Aminokiselina,Verovatnoća,Klasifikacija,Virus
ARQ84735.1 ___spike glycoprotein,1,M,0.866,neuređena,Mers
ARQ84735.1 ___spike glycoprotein,2,I,0.585,neuređena,Mers
ARQ84735.1 ___spike glycoprotein,3,H,0.483,uređena,Mers
ARQ84735.1 ___spike glycoprotein,4,S,0.38,uređena,Mers
ARQ84735.1 ___spike glycoprotein,5,V,0.189,uređena,Mers
ARQ84735.1 ___spike glycoprotein,6,F,0.097,uređena,Mers
ARQ84735.1 ___spike glycoprotein,7,L,0.064,uređena,Mers
ARQ84735.1 ___spike glycoprotein,8,L,0.049,uređena,Mers
ARQ84735.1 ___spike glycoprotein,9,M,0.044,uređena,Mers
ARQ84735.1 ___spike glycoprotein,10,F,0.038,uređena,Mers
ARQ84735.1 ___spike glycoprotein,11,L,0.044,uređena,Mers
ARQ84735.1 ___spike glycoprotein,12,L,0.058,uređena,Mers
ARQ84735.1 ___spike glycoprotein,13,T,0.089,uređena,Mers
ARQ84735.1 ___spike glycoprotein,14,P,0.117,uređena,Mers
ARQ84735.1 ___spike glycoprotein,15,T,0.128,uređena,Mers
ARQ84735.1 ___spike glycoprotein,16,E,0.136,uređena,Mers
ARQ84735.1 ___spike glycoprotein,17,S,0.134,uređena,Mers
ARQ84735.1 ___spike glycoprotein,18,Y,0.115,uređena,Mers
ARQ84735.1 ___spike glycoprotein,19,V,0.118,uređena,Mers
ARQ84735.1 ___spike glycoprotein,20,D,0.136,uređena,Mers
ARQ84735.1 ___spike glycoprotein,21,V,0.143,uređena,Mers
ARQ84735.1 ___spike glycoprotein,22,G,0.169,uređena,Mers
ARQ84735.1 ___spike glycoprotein,23,P,0.19,uređena,Mers
ARQ84735.1 ___spike glycoprotein,24,D,0.194,uređena,Mers
ARQ84735.1 ___spike glycoprotein,25,S,0.188,uređena,Mers
ARQ84735.1 ___spike glycoprotein,26,V,0.163,uređena,Mers
ARQ84735.1 ___spike glycoprotein,27,K,0.157,uređena,Mers
ARQ84735.1 ___spike glycoprotein,28,S,0.141,uređena,Mers
ARQ84735.1 ___spike glycoprotein,29,A,0.102,uređena,Mers
ARQ84735.1 ___spike glycoprotein,30,C,0.064,uređena,Mers
ARQ84735.1 ___spike glycoprotein,31,I,0.053,uređena,Mers
ARQ84735.1 ___spike glycoprotein,32,E,0.056,uređena,Mers
ARQ84735.1 ___spike glycoprotein,33,V,0.05,uređena,Mers
ARQ84735.1 ___spike glycoprotein,34,D,0.053,uređena,Mers
ARQ84735.1 ___spike glycoprotein,35,I,0.049,uređena,Mers
ARQ84735.1 ___spike glycoprotein,36,Q,0.056,uređena,Mers
ARQ84735.1 ___spike glycoprotein,37,Q,0.057,uređena,Mers
ARQ84735.1 ___spike glycoprotein,38,T,0.049,uređena,Mers
ARQ84735.1 ___spike glycoprotein,39,F,0.04,uređena,Mers
ARQ84735.1 ___spike glycoprotein,40,F,0.042,uređena,Mers
ARQ84735.1 ___spike glycoprotein,41,D,0.058,uređena,Mers
ARQ84735.1 ___spike glycoprotein,42,K,0.065,uređena,Mers
ARQ84735.1 ___spike glycoprotein,43,T,0.065,uređena,Mers
ARQ84735.1 ___spike glycoprotein,44,W,0.064,uređena,Mers
ARQ84735.1 ___spike glycoprotein,45,P,0.091,uređena,Mers
ARQ84735.1 ___spike glycoprotein,46,R,0.102,uređena,Mers
ARQ84735.1 ___spike glycoprotein,47,P,0.106,uređena,Mers
ARQ84735.1 ___spike glycoprotein,48,I,0.097,uređena,Mers
ARQ84735.1 ___spike glycoprotein,49,D,0.106,uređena,Mers
ARQ84735.1 ___spike glycoprotein,50,V,0.106,uređena,Mers
ARQ84735.1 ___spike glycoprotein,51,S,0.119,uređena,Mers
ARQ84735.1 ___spike glycoprotein,52,K,0.118,uređena,Mers
ARQ84735.1 ___spike glycoprotein,53,A,0.108,uređena,Mers
ARQ84735.1 ___spike glycoprotein,54,D,0.098,uređena,Mers
ARQ84735.1 ___spike glycoprotein,55,G,0.077,uređena,Mers
ARQ84735.1 ___spike glycoprotein,56,I,0.051,uređena,Mers
ARQ84735.1 ___spike glycoprotein,57,I,0.044,uređena,Mers
ARQ84735.1 ___spike glycoprotein,58,Y,0.048,uređena,Mers
ARQ84735.1 ___spike glycoprotein,59,P,0.07,uređena,Mers
ARQ84735.1 ___spike glycoprotein,60,Q,0.078,uređena,Mers
ARQ84735.1 ___spike glycoprotein,61,G,0.077,uređena,Mers
ARQ84735.1 ___spike glycoprotein,62,R,0.073,uređena,Mers
ARQ84735.1 ___spike glycoprotein,63,T,0.063,uređena,Mers
ARQ84735.1 ___spike glycoprotein,64,Y,0.05,uređena,Mers
ARQ84735.1 ___spike glycoprotein,65,S,0.051,uređena,Mers
ARQ84735.1 ___spike glycoprotein,66,N,0.042,uređena,Mers
ARQ84735.1 ___spike glycoprotein,67,I,0.027,uređena,Mers
ARQ84735.1 ___spike glycoprotein,68,T,0.024,uređena,Mers
ARQ84735.1 ___spike glycoprotein,69,I,0.018,uređena,Mers
ARQ84735.1 ___spike glycoprotein,70,T,0.02,uređena,Mers
ARQ84735.1 ___spike glycoprotein,71,Y,0.019,uređena,Mers
ARQ84735.1 ___spike glycoprotein,72,Q,0.027,uređena,Mers
ARQ84735.1 ___spike glycoprotein,73,G,0.028,uređena,Mers
ARQ84735.1 ___spike glycoprotein,74,L,0.026,uređena,Mers
ARQ84735.1 ___spike glycoprotein,75,F,0.03,uređena,Mers
ARQ84735.1 ___spike glycoprotein,76,P,0.046,uređena,Mers
ARQ84735.1 ___spike glycoprotein,77,Y,0.051,uređena,Mers
ARQ84735.1 ___spike glycoprotein,78,Q,0.074,uređena,Mers
ARQ84735.1 ___spike glycoprotein,79,G,0.086,uređena,Mers
ARQ84735.1 ___spike glycoprotein,80,D,0.094,uređena,Mers
ARQ84735.1 ___spike glycoprotein,81,H,0.093,uređena,Mers
ARQ84735.1 ___spike glycoprotein,82,G,0.091,uređena,Mers
ARQ84735.1 ___spike glycoprotein,83,D,0.086,uređena,Mers
ARQ84735.1 ___spike glycoprotein,84,M,0.071,uređena,Mers
ARQ84735.1 ___spike glycoprotein,85,Y,0.057,uređena,Mers
ARQ84735.1 ___spike glycoprotein,86,V,0.058,uređena,Mers
ARQ84735.1 ___spike glycoprotein,87,Y,0.069,uređena,Mers
ARQ84735.1 ___spike glycoprotein,88,S,0.108,uređena,Mers
ARQ84735.1 ___spike glycoprotein,89,A,0.125,uređena,Mers
ARQ84735.1 ___spike glycoprotein,90,G,0.141,uređena,Mers
ARQ84735.1 ___spike glycoprotein,91,H,0.153,uređena,Mers
ARQ84735.1 ___spike glycoprotein,92,A,0.164,uređena,Mers
ARQ84735.1 ___spike glycoprotein,93,T,0.174,uređena,Mers
ARQ84735.1 ___spike glycoprotein,94,G,0.182,uređena,Mers
ARQ84735.1 ___spike glycoprotein,95,T,0.186,uređena,Mers
ARQ84735.1 ___spike glycoprotein,96,T,0.188,uređena,Mers
ARQ84735.1 ___spike glycoprotein,97,P,0.189,uređena,Mers
ARQ84735.1 ___spike glycoprotein,98,Q,0.173,uređena,Mers
ARQ84735.1 ___spike glycoprotein,99,K,0.144,uređena,Mers
ARQ84735.1 ___spike glycoprotein,100,L,0.097,uređena,Mers
ARQ84735.1 ___spike glycoprotein,101,F,0.074,uređena,Mers
ARQ84735.1 ___spike glycoprotein,102,V,0.071,uređena,Mers
ARQ84735.1 ___spike glycoprotein,103,A,0.078,uređena,Mers
ARQ84735.1 ___spike glycoprotein,104,N,0.085,uređena,Mers
ARQ84735.1 ___spike glycoprotein,105,Y,0.085,uređena,Mers
ARQ84735.1 ___spike glycoprotein,106,S,0.104,uređena,Mers
ARQ84735.1 ___spike glycoprotein,107,Q,0.109,uređena,Mers
ARQ84735.1 ___spike glycoprotein,108,D,0.104,uređena,Mers
ARQ84735.1 ___spike glycoprotein,109,V,0.09,uređena,Mers
ARQ84735.1 ___spike glycoprotein,110,K,0.089,uređena,Mers
ARQ84735.1 ___spike glycoprotein,111,Q,0.08,uređena,Mers
ARQ84735.1 ___spike glycoprotein,112,F,0.06,uređena,Mers
ARQ84735.1 ___spike glycoprotein,113,A,0.057,uređena,Mers
ARQ84735.1 ___spike glycoprotein,114,N,0.053,uređena,Mers
ARQ84735.1 ___spike glycoprotein,115,G,0.043,uređena,Mers
ARQ84735.1 ___spike glycoprotein,116,F,0.029,uređena,Mers
ARQ84735.1 ___spike glycoprotein,117,V,0.027,uređena,Mers
ARQ84735.1 ___spike glycoprotein,118,V,0.031,uređena,Mers
ARQ84735.1 ___spike glycoprotein,119,R,0.043,uređena,Mers
ARQ84735.1 ___spike glycoprotein,120,I,0.048,uređena,Mers
ARQ84735.1 ___spike glycoprotein,121,G,0.071,uređena,Mers
ARQ84735.1 ___spike glycoprotein,122,A,0.089,uređena,Mers
ARQ84735.1 ___spike glycoprotein,123,A,0.107,uređena,Mers
ARQ84735.1 ___spike glycoprotein,124,A,0.124,uređena,Mers
ARQ84735.1 ___spike glycoprotein,125,N,0.14,uređena,Mers
ARQ84735.1 ___spike glycoprotein,126,S,0.148,uređena,Mers
ARQ84735.1 ___spike glycoprotein,127,T,0.141,uređena,Mers
ARQ84735.1 ___spike glycoprotein,128,G,0.133,uređena,Mers
ARQ84735.1 ___spike glycoprotein,129,T,0.121,uređena,Mers
ARQ84735.1 ___spike glycoprotein,130,V,0.106,uređena,Mers
ARQ84735.1 ___spike glycoprotein,131,I,0.105,uređena,Mers
ARQ84735.1 ___spike glycoprotein,132,I,0.124,uređena,Mers
ARQ84735.1 ___spike glycoprotein,133,S,0.183,uređena,Mers
ARQ84735.1 ___spike glycoprotein,134,P,0.212,uređena,Mers
ARQ84735.1 ___spike glycoprotein,135,S,0.221,uređena,Mers
ARQ84735.1 ___spike glycoprotein,136,T,0.213,uređena,Mers
ARQ84735.1 ___spike glycoprotein,137,S,0.204,uređena,Mers
ARQ84735.1 ___spike glycoprotein,138,A,0.174,uređena,Mers
ARQ84735.1 ___spike glycoprotein,139,T,0.145,uređena,Mers
ARQ84735.1 ___spike glycoprotein,140,I,0.113,uređena,Mers
ARQ84735.1 ___spike glycoprotein,141,R,0.107,uređena,Mers
ARQ84735.1 ___spike glycoprotein,142,K,0.093,uređena,Mers
ARQ84735.1 ___spike glycoprotein,143,I,0.068,uređena,Mers
ARQ84735.1 ___spike glycoprotein,144,Y,0.063,uređena,Mers
ARQ84735.1 ___spike glycoprotein,145,P,0.073,uređena,Mers
ARQ84735.1 ___spike glycoprotein,146,A,0.071,uređena,Mers
ARQ84735.1 ___spike glycoprotein,147,F,0.068,uređena,Mers
ARQ84735.1 ___spike glycoprotein,148,M,0.081,uređena,Mers
ARQ84735.1 ___spike glycoprotein,149,L,0.094,uređena,Mers
ARQ84735.1 ___spike glycoprotein,150,G,0.125,uređena,Mers
ARQ84735.1 ___spike glycoprotein,151,S,0.15,uređena,Mers
ARQ84735.1 ___spike glycoprotein,152,S,0.157,uređena,Mers
ARQ84735.1 ___spike glycoprotein,153,V,0.149,uređena,Mers
ARQ84735.1 ___spike glycoprotein,154,G,0.157,uređena,Mers
ARQ84735.1 ___spike glycoprotein,155,N,0.16,uređena,Mers
ARQ84735.1 ___spike glycoprotein,156,F,0.156,uređena,Mers
ARQ84735.1 ___spike glycoprotein,157,S,0.176,uređena,Mers
ARQ84735.1 ___spike glycoprotein,158,D,0.179,uređena,Mers
ARQ84735.1 ___spike glycoprotein,159,G,0.172,uređena,Mers
ARQ84735.1 ___spike glycoprotein,160,K,0.16,uređena,Mers
ARQ84735.1 ___spike glycoprotein,161,M,0.138,uređena,Mers
ARQ84735.1 ___spike glycoprotein,162,G,0.116,uređena,Mers
ARQ84735.1 ___spike glycoprotein,163,R,0.089,uređena,Mers
ARQ84735.1 ___spike glycoprotein,164,F,0.051,uređena,Mers
ARQ84735.1 ___spike glycoprotein,165,F,0.039,uređena,Mers
ARQ84735.1 ___spike glycoprotein,166,N,0.039,uređena,Mers
ARQ84735.1 ___spike glycoprotein,167,H,0.034,uređena,Mers
ARQ84735.1 ___spike glycoprotein,168,T,0.028,uređena,Mers
ARQ84735.1 ___spike glycoprotein,169,L,0.019,uređena,Mers
ARQ84735.1 ___spike glycoprotein,170,V,0.015,uređena,Mers
ARQ84735.1 ___spike glycoprotein,171,L,0.016,uređena,Mers
ARQ84735.1 ___spike glycoprotein,172,L,0.02,uređena,Mers
ARQ84735.1 ___spike glycoprotein,173,P,0.029,uređena,Mers
ARQ84735.1 ___spike glycoprotein,174,D,0.031,uređena,Mers
ARQ84735.1 ___spike glycoprotein,175,G,0.026,uređena,Mers
ARQ84735.1 ___spike glycoprotein,176,C,0.018,uređena,Mers
ARQ84735.1 ___spike glycoprotein,177,G,0.019,uređena,Mers
ARQ84735.1 ___spike glycoprotein,178,T,0.017,uređena,Mers
ARQ84735.1 ___spike glycoprotein,179,L,0.013,uređena,Mers
ARQ84735.1 ___spike glycoprotein,180,L,0.012,uređena,Mers
ARQ84735.1 ___spike glycoprotein,181,R,0.013,uređena,Mers
ARQ84735.1 ___spike glycoprotein,182,A,0.012,uređena,Mers
ARQ84735.1 ___spike glycoprotein,183,F,0.008,uređena,Mers
ARQ84735.1 ___spike glycoprotein,184,Y,0.009,uređena,Mers
ARQ84735.1 ___spike glycoprotein,185,C,0.014,uređena,Mers
ARQ84735.1 ___spike glycoprotein,186,I,0.033,uređena,Mers
ARQ84735.1 ___spike glycoprotein,187,L,0.084,uređena,Mers
ARQ84735.1 ___spike glycoprotein,188,E,0.185,uređena,Mers
ARQ84735.1 ___spike glycoprotein,189,P,0.245,uređena,Mers
ARQ84735.1 ___spike glycoprotein,190,R,0.274,uređena,Mers
ARQ84735.1 ___spike glycoprotein,191,S,0.293,uređena,Mers
ARQ84735.1 ___spike glycoprotein,192,G,0.293,uređena,Mers
ARQ84735.1 ___spike glycoprotein,193,N,0.288,uređena,Mers
ARQ84735.1 ___spike glycoprotein,194,H,0.276,uređena,Mers
ARQ84735.1 ___spike glycoprotein,195,C,0.262,uređena,Mers
ARQ84735.1 ___spike glycoprotein,196,P,0.279,uređena,Mers
ARQ84735.1 ___spike glycoprotein,197,A,0.277,uređena,Mers
ARQ84735.1 ___spike glycoprotein,198,G,0.276,uređena,Mers
ARQ84735.1 ___spike glycoprotein,199,N,0.271,uređena,Mers
ARQ84735.1 ___spike glycoprotein,200,S,0.257,uređena,Mers
ARQ84735.1 ___spike glycoprotein,201,Y,0.22,uređena,Mers
ARQ84735.1 ___spike glycoprotein,202,T,0.216,uređena,Mers
ARQ84735.1 ___spike glycoprotein,203,S,0.211,uređena,Mers
ARQ84735.1 ___spike glycoprotein,204,F,0.187,uređena,Mers
ARQ84735.1 ___spike glycoprotein,205,A,0.189,uređena,Mers
ARQ84735.1 ___spike glycoprotein,206,T,0.191,uređena,Mers
ARQ84735.1 ___spike glycoprotein,207,Y,0.191,uređena,Mers
ARQ84735.1 ___spike glycoprotein,208,H,0.219,uređena,Mers
ARQ84735.1 ___spike glycoprotein,209,T,0.246,uređena,Mers
ARQ84735.1 ___spike glycoprotein,210,P,0.272,uređena,Mers
ARQ84735.1 ___spike glycoprotein,211,A,0.278,uređena,Mers
ARQ84735.1 ___spike glycoprotein,212,T,0.284,uređena,Mers
ARQ84735.1 ___spike glycoprotein,213,D,0.289,uređena,Mers
ARQ84735.1 ___spike glycoprotein,214,C,0.282,uređena,Mers
ARQ84735.1 ___spike glycoprotein,215,S,0.308,uređena,Mers
ARQ84735.1 ___spike glycoprotein,216,D,0.314,uređena,Mers
ARQ84735.1 ___spike glycoprotein,217,G,0.309,uređena,Mers
ARQ84735.1 ___spike glycoprotein,218,N,0.299,uređena,Mers
ARQ84735.1 ___spike glycoprotein,219,Y,0.28,uređena,Mers
ARQ84735.1 ___spike glycoprotein,220,N,0.292,uređena,Mers
ARQ84735.1 ___spike glycoprotein,221,R,0.294,uređena,Mers
ARQ84735.1 ___spike glycoprotein,222,N,0.289,uređena,Mers
ARQ84735.1 ___spike glycoprotein,223,A,0.275,uređena,Mers
ARQ84735.1 ___spike glycoprotein,224,S,0.261,uređena,Mers
ARQ84735.1 ___spike glycoprotein,225,L,0.224,uređena,Mers
ARQ84735.1 ___spike glycoprotein,226,N,0.211,uređena,Mers
ARQ84735.1 ___spike glycoprotein,227,S,0.188,uređena,Mers
ARQ84735.1 ___spike glycoprotein,228,F,0.138,uređena,Mers
ARQ84735.1 ___spike glycoprotein,229,K,0.125,uređena,Mers
ARQ84735.1 ___spike glycoprotein,230,E,0.099,uređena,Mers
ARQ84735.1 ___spike glycoprotein,231,Y,0.053,uređena,Mers
ARQ84735.1 ___spike glycoprotein,232,F,0.038,uređena,Mers
ARQ84735.1 ___spike glycoprotein,233,N,0.037,uređena,Mers
ARQ84735.1 ___spike glycoprotein,234,L,0.03,uređena,Mers
ARQ84735.1 ___spike glycoprotein,235,R,0.029,uređena,Mers
ARQ84735.1 ___spike glycoprotein,236,N,0.024,uređena,Mers
ARQ84735.1 ___spike glycoprotein,237,C,0.014,uređena,Mers
ARQ84735.1 ___spike glycoprotein,238,T,0.012,uređena,Mers
ARQ84735.1 ___spike glycoprotein,239,F,0.008,uređena,Mers
ARQ84735.1 ___spike glycoprotein,240,M,0.008,uređena,Mers
ARQ84735.1 ___spike glycoprotein,241,Y,0.007,uređena,Mers
ARQ84735.1 ___spike glycoprotein,242,T,0.009,uređena,Mers
ARQ84735.1 ___spike glycoprotein,243,Y,0.01,uređena,Mers
ARQ84735.1 ___spike glycoprotein,244,N,0.016,uređena,Mers
ARQ84735.1 ___spike glycoprotein,245,I,0.018,uređena,Mers
ARQ84735.1 ___spike glycoprotein,246,T,0.029,uređena,Mers
ARQ84735.1 ___spike glycoprotein,247,E,0.037,uređena,Mers
ARQ84735.1 ___spike glycoprotein,248,D,0.038,uređena,Mers
ARQ84735.1 ___spike glycoprotein,249,E,0.032,uređena,Mers
ARQ84735.1 ___spike glycoprotein,250,I,0.018,uređena,Mers
ARQ84735.1 ___spike glycoprotein,251,L,0.014,uređena,Mers
ARQ84735.1 ___spike glycoprotein,252,E,0.013,uređena,Mers
ARQ84735.1 ___spike glycoprotein,253,W,0.007,uređena,Mers
ARQ84735.1 ___spike glycoprotein,254,F,0.009,uređena,Mers
ARQ84735.1 ___spike glycoprotein,255,G,0.015,uređena,Mers
ARQ84735.1 ___spike glycoprotein,256,I,0.019,uređena,Mers
ARQ84735.1 ___spike glycoprotein,257,T,0.033,uređena,Mers
ARQ84735.1 ___spike glycoprotein,258,Q,0.045,uređena,Mers
ARQ84735.1 ___spike glycoprotein,259,T,0.049,uređena,Mers
ARQ84735.1 ___spike glycoprotein,260,A,0.05,uređena,Mers
ARQ84735.1 ___spike glycoprotein,261,Q,0.051,uređena,Mers
ARQ84735.1 ___spike glycoprotein,262,G,0.045,uređena,Mers
ARQ84735.1 ___spike glycoprotein,263,V,0.034,uređena,Mers
ARQ84735.1 ___spike glycoprotein,264,H,0.032,uređena,Mers
ARQ84735.1 ___spike glycoprotein,265,L,0.028,uređena,Mers
ARQ84735.1 ___spike glycoprotein,266,F,0.029,uređena,Mers
ARQ84735.1 ___spike glycoprotein,267,S,0.04,uređena,Mers
ARQ84735.1 ___spike glycoprotein,268,S,0.042,uređena,Mers
ARQ84735.1 ___spike glycoprotein,269,R,0.034,uređena,Mers
ARQ84735.1 ___spike glycoprotein,270,Y,0.02,uređena,Mers
ARQ84735.1 ___spike glycoprotein,271,V,0.017,uređena,Mers
ARQ84735.1 ___spike glycoprotein,272,D,0.018,uređena,Mers
ARQ84735.1 ___spike glycoprotein,273,L,0.014,uređena,Mers
ARQ84735.1 ___spike glycoprotein,274,Y,0.014,uređena,Mers
ARQ84735.1 ___spike glycoprotein,275,G,0.02,uređena,Mers
ARQ84735.1 ___spike glycoprotein,276,G,0.024,uređena,Mers
ARQ84735.1 ___spike glycoprotein,277,N,0.024,uređena,Mers
ARQ84735.1 ___spike glycoprotein,278,M,0.02,uređena,Mers
ARQ84735.1 ___spike glycoprotein,279,F,0.015,uređena,Mers
ARQ84735.1 ___spike glycoprotein,280,Q,0.017,uređena,Mers
ARQ84735.1 ___spike glycoprotein,281,F,0.013,uređena,Mers
ARQ84735.1 ___spike glycoprotein,282,A,0.015,uređena,Mers
ARQ84735.1 ___spike glycoprotein,283,T,0.016,uređena,Mers
ARQ84735.1 ___spike glycoprotein,284,L,0.014,uređena,Mers
ARQ84735.1 ___spike glycoprotein,285,P,0.016,uređena,Mers
ARQ84735.1 ___spike glycoprotein,286,V,0.011,uređena,Mers
ARQ84735.1 ___spike glycoprotein,287,Y,0.01,uređena,Mers
ARQ84735.1 ___spike glycoprotein,288,D,0.014,uređena,Mers
ARQ84735.1 ___spike glycoprotein,289,T,0.013,uređena,Mers
ARQ84735.1 ___spike glycoprotein,290,I,0.011,uređena,Mers
ARQ84735.1 ___spike glycoprotein,291,K,0.013,uređena,Mers
ARQ84735.1 ___spike glycoprotein,292,Y,0.01,uređena,Mers
ARQ84735.1 ___spike glycoprotein,293,Y,0.013,uređena,Mers
ARQ84735.1 ___spike glycoprotein,294,S,0.024,uređena,Mers
ARQ84735.1 ___spike glycoprotein,295,I,0.026,uređena,Mers
ARQ84735.1 ___spike glycoprotein,296,I,0.038,uređena,Mers
ARQ84735.1 ___spike glycoprotein,297,P,0.075,uređena,Mers
ARQ84735.1 ___spike glycoprotein,298,H,0.092,uređena,Mers
ARQ84735.1 ___spike glycoprotein,299,S,0.107,uređena,Mers
ARQ84735.1 ___spike glycoprotein,300,I,0.108,uređena,Mers
ARQ84735.1 ___spike glycoprotein,301,R,0.129,uređena,Mers
ARQ84735.1 ___spike glycoprotein,302,S,0.143,uređena,Mers
ARQ84735.1 ___spike glycoprotein,303,I,0.141,uređena,Mers
ARQ84735.1 ___spike glycoprotein,304,Q,0.162,uređena,Mers
ARQ84735.1 ___spike glycoprotein,305,S,0.171,uređena,Mers
ARQ84735.1 ___spike glycoprotein,306,D,0.164,uređena,Mers
ARQ84735.1 ___spike glycoprotein,307,R,0.146,uređena,Mers
ARQ84735.1 ___spike glycoprotein,308,K,0.12,uređena,Mers
ARQ84735.1 ___spike glycoprotein,309,A,0.077,uređena,Mers
ARQ84735.1 ___spike glycoprotein,310,W,0.033,uređena,Mers
ARQ84735.1 ___spike glycoprotein,311,A,0.027,uređena,Mers
ARQ84735.1 ___spike glycoprotein,312,A,0.018,uređena,Mers
ARQ84735.1 ___spike glycoprotein,313,F,0.008,uređena,Mers
ARQ84735.1 ___spike glycoprotein,314,Y,0.005,uređena,Mers
ARQ84735.1 ___spike glycoprotein,315,V,0.005,uređena,Mers
ARQ84735.1 ___spike glycoprotein,316,Y,0.007,uređena,Mers
ARQ84735.1 ___spike glycoprotein,317,K,0.014,uređena,Mers
ARQ84735.1 ___spike glycoprotein,318,L,0.016,uređena,Mers
ARQ84735.1 ___spike glycoprotein,319,Q,0.022,uređena,Mers
ARQ84735.1 ___spike glycoprotein,320,P,0.022,uređena,Mers
ARQ84735.1 ___spike glycoprotein,321,L,0.015,uređena,Mers
ARQ84735.1 ___spike glycoprotein,322,T,0.013,uređena,Mers
ARQ84735.1 ___spike glycoprotein,323,F,0.008,uređena,Mers
ARQ84735.1 ___spike glycoprotein,324,L,0.007,uređena,Mers
ARQ84735.1 ___spike glycoprotein,325,L,0.009,uređena,Mers
ARQ84735.1 ___spike glycoprotein,326,D,0.013,uređena,Mers
ARQ84735.1 ___spike glycoprotein,327,F,0.013,uređena,Mers
ARQ84735.1 ___spike glycoprotein,328,S,0.019,uređena,Mers
ARQ84735.1 ___spike glycoprotein,329,V,0.017,uređena,Mers
ARQ84735.1 ___spike glycoprotein,330,D,0.02,uređena,Mers
ARQ84735.1 ___spike glycoprotein,331,G,0.018,uređena,Mers
ARQ84735.1 ___spike glycoprotein,332,Y,0.013,uređena,Mers
ARQ84735.1 ___spike glycoprotein,333,I,0.013,uređena,Mers
ARQ84735.1 ___spike glycoprotein,334,R,0.021,uređena,Mers
ARQ84735.1 ___spike glycoprotein,335,R,0.023,uređena,Mers
ARQ84735.1 ___spike glycoprotein,336,A,0.022,uređena,Mers
ARQ84735.1 ___spike glycoprotein,337,I,0.019,uređena,Mers
ARQ84735.1 ___spike glycoprotein,338,D,0.023,uređena,Mers
ARQ84735.1 ___spike glycoprotein,339,C,0.021,uređena,Mers
ARQ84735.1 ___spike glycoprotein,340,G,0.029,uređena,Mers
ARQ84735.1 ___spike glycoprotein,341,F,0.033,uređena,Mers
ARQ84735.1 ___spike glycoprotein,342,N,0.051,uređena,Mers
ARQ84735.1 ___spike glycoprotein,343,D,0.063,uređena,Mers
ARQ84735.1 ___spike glycoprotein,344,L,0.067,uređena,Mers
ARQ84735.1 ___spike glycoprotein,345,S,0.081,uređena,Mers
ARQ84735.1 ___spike glycoprotein,346,Q,0.082,uređena,Mers
ARQ84735.1 ___spike glycoprotein,347,L,0.075,uređena,Mers
ARQ84735.1 ___spike glycoprotein,348,H,0.078,uređena,Mers
ARQ84735.1 ___spike glycoprotein,349,C,0.079,uređena,Mers
ARQ84735.1 ___spike glycoprotein,350,S,0.101,uređena,Mers
ARQ84735.1 ___spike glycoprotein,351,Y,0.108,uređena,Mers
ARQ84735.1 ___spike glycoprotein,352,E,0.141,uređena,Mers
ARQ84735.1 ___spike glycoprotein,353,S,0.157,uređena,Mers
ARQ84735.1 ___spike glycoprotein,354,F,0.157,uređena,Mers
ARQ84735.1 ___spike glycoprotein,355,D,0.183,uređena,Mers
ARQ84735.1 ___spike glycoprotein,356,V,0.196,uređena,Mers
ARQ84735.1 ___spike glycoprotein,357,E,0.234,uređena,Mers
ARQ84735.1 ___spike glycoprotein,358,S,0.253,uređena,Mers
ARQ84735.1 ___spike glycoprotein,359,G,0.253,uređena,Mers
ARQ84735.1 ___spike glycoprotein,360,V,0.249,uređena,Mers
ARQ84735.1 ___spike glycoprotein,361,Y,0.264,uređena,Mers
ARQ84735.1 ___spike glycoprotein,362,S,0.327,uređena,Mers
ARQ84735.1 ___spike glycoprotein,363,V,0.356,uređena,Mers
ARQ84735.1 ___spike glycoprotein,364,S,0.427,uređena,Mers
ARQ84735.1 ___spike glycoprotein,365,S,0.461,uređena,Mers
ARQ84735.1 ___spike glycoprotein,366,F,0.472,uređena,Mers
ARQ84735.1 ___spike glycoprotein,367,E,0.528,neuređena,Mers
ARQ84735.1 ___spike glycoprotein,368,A,0.559,neuređena,Mers
ARQ84735.1 ___spike glycoprotein,369,K,0.592,neuređena,Mers
ARQ84735.1 ___spike glycoprotein,370,P,0.61,neuređena,Mers
ARQ84735.1 ___spike glycoprotein,371,S,0.611,neuređena,Mers
ARQ84735.1 ___spike glycoprotein,372,G,0.592,neuređena,Mers
ARQ84735.1 ___spike glycoprotein,373,S,0.57,neuređena,Mers
ARQ84735.1 ___spike glycoprotein,374,V,0.52,neuređena,Mers
ARQ84735.1 ___spike glycoprotein,375,V,0.502,neuređena,Mers
ARQ84735.1 ___spike glycoprotein,376,E,0.508,neuređena,Mers
ARQ84735.1 ___spike glycoprotein,377,Q,0.499,uređena,Mers
ARQ84735.1 ___spike glycoprotein,378,A,0.476,uređena,Mers
ARQ84735.1 ___spike glycoprotein,379,E,0.454,uređena,Mers
ARQ84735.1 ___spike glycoprotein,380,G,0.41,uređena,Mers
ARQ84735.1 ___spike glycoprotein,381,V,0.36,uređena,Mers
ARQ84735.1 ___spike glycoprotein,382,E,0.341,uređena,Mers
ARQ84735.1 ___spike glycoprotein,383,C,0.302,uređena,Mers
ARQ84735.1 ___spike glycoprotein,384,D,0.301,uređena,Mers
ARQ84735.1 ___spike glycoprotein,385,F,0.288,uređena,Mers
ARQ84735.1 ___spike glycoprotein,386,S,0.304,uređena,Mers
ARQ84735.1 ___spike glycoprotein,387,P,0.302,uređena,Mers
ARQ84735.1 ___spike glycoprotein,388,L,0.281,uređena,Mers
ARQ84735.1 ___spike glycoprotein,389,L,0.28,uređena,Mers
ARQ84735.1 ___spike glycoprotein,390,S,0.298,uređena,Mers
ARQ84735.1 ___spike glycoprotein,391,G,0.297,uređena,Mers
ARQ84735.1 ___spike glycoprotein,392,T,0.292,uređena,Mers
ARQ84735.1 ___spike glycoprotein,393,P,0.286,uređena,Mers
ARQ84735.1 ___spike glycoprotein,394,P,0.26,uređena,Mers
ARQ84735.1 ___spike glycoprotein,395,Q,0.206,uređena,Mers
ARQ84735.1 ___spike glycoprotein,396,V,0.12,uređena,Mers
ARQ84735.1 ___spike glycoprotein,397,Y,0.08,uređena,Mers
ARQ84735.1 ___spike glycoprotein,398,N,0.069,uređena,Mers
ARQ84735.1 ___spike glycoprotein,399,F,0.051,uređena,Mers
ARQ84735.1 ___spike glycoprotein,400,K,0.048,uređena,Mers
ARQ84735.1 ___spike glycoprotein,401,R,0.038,uređena,Mers
ARQ84735.1 ___spike glycoprotein,402,L,0.022,uređena,Mers
ARQ84735.1 ___spike glycoprotein,403,V,0.015,uređena,Mers
ARQ84735.1 ___spike glycoprotein,404,F,0.012,uređena,Mers
ARQ84735.1 ___spike glycoprotein,405,T,0.014,uređena,Mers
ARQ84735.1 ___spike glycoprotein,406,N,0.014,uređena,Mers
ARQ84735.1 ___spike glycoprotein,407,C,0.011,uređena,Mers
ARQ84735.1 ___spike glycoprotein,408,N,0.013,uređena,Mers
ARQ84735.1 ___spike glycoprotein,409,Y,0.011,uređena,Mers
ARQ84735.1 ___spike glycoprotein,410,N,0.015,uređena,Mers
ARQ84735.1 ___spike glycoprotein,411,L,0.015,uređena,Mers
ARQ84735.1 ___spike glycoprotein,412,T,0.019,uređena,Mers
ARQ84735.1 ___spike glycoprotein,413,K,0.02,uređena,Mers
ARQ84735.1 ___spike glycoprotein,414,L,0.017,uređena,Mers
ARQ84735.1 ___spike glycoprotein,415,L,0.017,uređena,Mers
ARQ84735.1 ___spike glycoprotein,416,S,0.021,uređena,Mers
ARQ84735.1 ___spike glycoprotein,417,L,0.018,uređena,Mers
ARQ84735.1 ___spike glycoprotein,418,F,0.019,uređena,Mers
ARQ84735.1 ___spike glycoprotein,419,S,0.029,uređena,Mers
ARQ84735.1 ___spike glycoprotein,420,V,0.029,uređena,Mers
ARQ84735.1 ___spike glycoprotein,421,N,0.036,uređena,Mers
ARQ84735.1 ___spike glycoprotein,422,D,0.038,uređena,Mers
ARQ84735.1 ___spike glycoprotein,423,F,0.034,uređena,Mers
ARQ84735.1 ___spike glycoprotein,424,T,0.041,uređena,Mers
ARQ84735.1 ___spike glycoprotein,425,C,0.045,uređena,Mers
ARQ84735.1 ___spike glycoprotein,426,S,0.067,uređena,Mers
ARQ84735.1 ___spike glycoprotein,427,Q,0.075,uređena,Mers
ARQ84735.1 ___spike glycoprotein,428,I,0.074,uređena,Mers
ARQ84735.1 ___spike glycoprotein,429,S,0.09,uređena,Mers
ARQ84735.1 ___spike glycoprotein,430,P,0.092,uređena,Mers
ARQ84735.1 ___spike glycoprotein,431,A,0.082,uređena,Mers
ARQ84735.1 ___spike glycoprotein,432,A,0.071,uređena,Mers
ARQ84735.1 ___spike glycoprotein,433,I,0.059,uređena,Mers
ARQ84735.1 ___spike glycoprotein,434,A,0.061,uređena,Mers
ARQ84735.1 ___spike glycoprotein,435,S,0.062,uređena,Mers
ARQ84735.1 ___spike glycoprotein,436,N,0.052,uređena,Mers
ARQ84735.1 ___spike glycoprotein,437,C,0.035,uređena,Mers
ARQ84735.1 ___spike glycoprotein,438,Y,0.032,uređena,Mers
ARQ84735.1 ___spike glycoprotein,439,S,0.04,uređena,Mers
ARQ84735.1 ___spike glycoprotein,440,S,0.038,uređena,Mers
ARQ84735.1 ___spike glycoprotein,441,L,0.027,uređena,Mers
ARQ84735.1 ___spike glycoprotein,442,I,0.023,uređena,Mers
ARQ84735.1 ___spike glycoprotein,443,L,0.026,uređena,Mers
ARQ84735.1 ___spike glycoprotein,444,D,0.035,uređena,Mers
ARQ84735.1 ___spike glycoprotein,445,Y,0.038,uređena,Mers
ARQ84735.1 ___spike glycoprotein,446,F,0.056,uređena,Mers
ARQ84735.1 ___spike glycoprotein,447,S,0.107,uređena,Mers
ARQ84735.1 ___spike glycoprotein,448,Y,0.132,uređena,Mers
ARQ84735.1 ___spike glycoprotein,449,P,0.21,uređena,Mers
ARQ84735.1 ___spike glycoprotein,450,L,0.251,uređena,Mers
ARQ84735.1 ___spike glycoprotein,451,S,0.335,uređena,Mers
ARQ84735.1 ___spike glycoprotein,452,M,0.378,uređena,Mers
ARQ84735.1 ___spike glycoprotein,453,K,0.425,uređena,Mers
ARQ84735.1 ___spike glycoprotein,454,S,0.454,uređena,Mers
ARQ84735.1 ___spike glycoprotein,455,D,0.462,uređena,Mers
ARQ84735.1 ___spike glycoprotein,456,L,0.458,uređena,Mers
ARQ84735.1 ___spike glycoprotein,457,S,0.475,uređena,Mers
ARQ84735.1 ___spike glycoprotein,458,V,0.474,uređena,Mers
ARQ84735.1 ___spike glycoprotein,459,S,0.496,uređena,Mers
ARQ84735.1 ___spike glycoprotein,460,S,0.498,uređena,Mers
ARQ84735.1 ___spike glycoprotein,461,A,0.481,uređena,Mers
ARQ84735.1 ___spike glycoprotein,462,G,0.465,uređena,Mers
ARQ84735.1 ___spike glycoprotein,463,P,0.444,uređena,Mers
ARQ84735.1 ___spike glycoprotein,464,I,0.397,uređena,Mers
ARQ84735.1 ___spike glycoprotein,465,S,0.389,uređena,Mers
ARQ84735.1 ___spike glycoprotein,466,Q,0.36,uređena,Mers
ARQ84735.1 ___spike glycoprotein,467,F,0.31,uređena,Mers
ARQ84735.1 ___spike glycoprotein,468,N,0.301,uređena,Mers
ARQ84735.1 ___spike glycoprotein,469,Y,0.282,uređena,Mers
ARQ84735.1 ___spike glycoprotein,470,K,0.294,uređena,Mers
ARQ84735.1 ___spike glycoprotein,471,Q,0.294,uređena,Mers
ARQ84735.1 ___spike glycoprotein,472,S,0.282,uređena,Mers
ARQ84735.1 ___spike glycoprotein,473,F,0.247,uređena,Mers
ARQ84735.1 ___spike glycoprotein,474,S,0.244,uređena,Mers
ARQ84735.1 ___spike glycoprotein,475,N,0.223,uređena,Mers
ARQ84735.1 ___spike glycoprotein,476,P,0.191,uređena,Mers
ARQ84735.1 ___spike glycoprotein,477,T,0.128,uređena,Mers
ARQ84735.1 ___spike glycoprotein,478,C,0.061,uređena,Mers
ARQ84735.1 ___spike glycoprotein,479,L,0.04,uređena,Mers
ARQ84735.1 ___spike glycoprotein,480,I,0.03,uređena,Mers
ARQ84735.1 ___spike glycoprotein,481,L,0.031,uređena,Mers
ARQ84735.1 ___spike glycoprotein,482,A,0.037,uređena,Mers
ARQ84735.1 ___spike glycoprotein,483,T,0.042,uređena,Mers
ARQ84735.1 ___spike glycoprotein,484,V,0.045,uređena,Mers
ARQ84735.1 ___spike glycoprotein,485,P,0.057,uređena,Mers
ARQ84735.1 ___spike glycoprotein,486,H,0.058,uređena,Mers
ARQ84735.1 ___spike glycoprotein,487,N,0.057,uređena,Mers
ARQ84735.1 ___spike glycoprotein,488,L,0.051,uređena,Mers
ARQ84735.1 ___spike glycoprotein,489,T,0.053,uređena,Mers
ARQ84735.1 ___spike glycoprotein,490,T,0.052,uređena,Mers
ARQ84735.1 ___spike glycoprotein,491,I,0.05,uređena,Mers
ARQ84735.1 ___spike glycoprotein,492,T,0.06,uređena,Mers
ARQ84735.1 ___spike glycoprotein,493,K,0.068,uređena,Mers
ARQ84735.1 ___spike glycoprotein,494,P,0.069,uređena,Mers
ARQ84735.1 ___spike glycoprotein,495,L,0.058,uređena,Mers
ARQ84735.1 ___spike glycoprotein,496,K,0.057,uređena,Mers
ARQ84735.1 ___spike glycoprotein,497,Y,0.048,uređena,Mers
ARQ84735.1 ___spike glycoprotein,498,S,0.053,uređena,Mers
ARQ84735.1 ___spike glycoprotein,499,Y,0.047,uređena,Mers
ARQ84735.1 ___spike glycoprotein,500,I,0.054,uređena,Mers
ARQ84735.1 ___spike glycoprotein,501,N,0.08,uređena,Mers
ARQ84735.1 ___spike glycoprotein,502,K,0.097,uređena,Mers
ARQ84735.1 ___spike glycoprotein,503,C,0.105,uređena,Mers
ARQ84735.1 ___spike glycoprotein,504,S,0.142,uređena,Mers
ARQ84735.1 ___spike glycoprotein,505,R,0.158,uređena,Mers
ARQ84735.1 ___spike glycoprotein,506,L,0.165,uređena,Mers
ARQ84735.1 ___spike glycoprotein,507,L,0.191,uređena,Mers
ARQ84735.1 ___spike glycoprotein,508,S,0.248,uređena,Mers
ARQ84735.1 ___spike glycoprotein,509,D,0.275,uređena,Mers
ARQ84735.1 ___spike glycoprotein,510,D,0.289,uređena,Mers
ARQ84735.1 ___spike glycoprotein,511,R,0.291,uređena,Mers
ARQ84735.1 ___spike glycoprotein,512,T,0.285,uređena,Mers
ARQ84735.1 ___spike glycoprotein,513,E,0.277,uređena,Mers
ARQ84735.1 ___spike glycoprotein,514,V,0.253,uređena,Mers
ARQ84735.1 ___spike glycoprotein,515,P,0.251,uređena,Mers
ARQ84735.1 ___spike glycoprotein,516,Q,0.23,uređena,Mers
ARQ84735.1 ___spike glycoprotein,517,L,0.193,uređena,Mers
ARQ84735.1 ___spike glycoprotein,518,V,0.178,uređena,Mers
ARQ84735.1 ___spike glycoprotein,519,N,0.181,uređena,Mers
ARQ84735.1 ___spike glycoprotein,520,A,0.176,uređena,Mers
ARQ84735.1 ___spike glycoprotein,521,N,0.17,uređena,Mers
ARQ84735.1 ___spike glycoprotein,522,Q,0.157,uređena,Mers
ARQ84735.1 ___spike glycoprotein,523,Y,0.131,uređena,Mers
ARQ84735.1 ___spike glycoprotein,524,S,0.129,uređena,Mers
ARQ84735.1 ___spike glycoprotein,525,P,0.113,uređena,Mers
ARQ84735.1 ___spike glycoprotein,526,C,0.076,uređena,Mers
ARQ84735.1 ___spike glycoprotein,527,V,0.067,uređena,Mers
ARQ84735.1 ___spike glycoprotein,528,S,0.068,uređena,Mers
ARQ84735.1 ___spike glycoprotein,529,I,0.058,uređena,Mers
ARQ84735.1 ___spike glycoprotein,530,V,0.061,uređena,Mers
ARQ84735.1 ___spike glycoprotein,531,P,0.075,uređena,Mers
ARQ84735.1 ___spike glycoprotein,532,S,0.077,uređena,Mers
ARQ84735.1 ___spike glycoprotein,533,T,0.067,uređena,Mers
ARQ84735.1 ___spike glycoprotein,534,V,0.054,uređena,Mers
ARQ84735.1 ___spike glycoprotein,535,W,0.052,uređena,Mers
ARQ84735.1 ___spike glycoprotein,536,E,0.076,uređena,Mers
ARQ84735.1 ___spike glycoprotein,537,D,0.086,uređena,Mers
ARQ84735.1 ___spike glycoprotein,538,G,0.089,uređena,Mers
ARQ84735.1 ___spike glycoprotein,539,D,0.088,uređena,Mers
ARQ84735.1 ___spike glycoprotein,540,Y,0.078,uređena,Mers
ARQ84735.1 ___spike glycoprotein,541,Y,0.085,uređena,Mers
ARQ84735.1 ___spike glycoprotein,542,R,0.118,uređena,Mers
ARQ84735.1 ___spike glycoprotein,543,K,0.14,uređena,Mers
ARQ84735.1 ___spike glycoprotein,544,Q,0.151,uređena,Mers
ARQ84735.1 ___spike glycoprotein,545,L,0.151,uređena,Mers
ARQ84735.1 ___spike glycoprotein,546,S,0.167,uređena,Mers
ARQ84735.1 ___spike glycoprotein,547,P,0.166,uređena,Mers
ARQ84735.1 ___spike glycoprotein,548,L,0.15,uređena,Mers
ARQ84735.1 ___spike glycoprotein,549,E,0.149,uređena,Mers
ARQ84735.1 ___spike glycoprotein,550,G,0.135,uređena,Mers
ARQ84735.1 ___spike glycoprotein,551,G,0.117,uređena,Mers
ARQ84735.1 ___spike glycoprotein,552,G,0.094,uređena,Mers
ARQ84735.1 ___spike glycoprotein,553,W,0.066,uređena,Mers
ARQ84735.1 ___spike glycoprotein,554,L,0.068,uređena,Mers
ARQ84735.1 ___spike glycoprotein,555,V,0.08,uređena,Mers
ARQ84735.1 ___spike glycoprotein,556,A,0.11,uređena,Mers
ARQ84735.1 ___spike glycoprotein,557,S,0.139,uređena,Mers
ARQ84735.1 ___spike glycoprotein,558,G,0.149,uređena,Mers
ARQ84735.1 ___spike glycoprotein,559,S,0.155,uređena,Mers
ARQ84735.1 ___spike glycoprotein,560,T,0.147,uređena,Mers
ARQ84735.1 ___spike glycoprotein,561,V,0.136,uređena,Mers
ARQ84735.1 ___spike glycoprotein,562,A,0.14,uređena,Mers
ARQ84735.1 ___spike glycoprotein,563,M,0.143,uređena,Mers
ARQ84735.1 ___spike glycoprotein,564,T,0.147,uređena,Mers
ARQ84735.1 ___spike glycoprotein,565,E,0.149,uređena,Mers
ARQ84735.1 ___spike glycoprotein,566,Q,0.139,uređena,Mers
ARQ84735.1 ___spike glycoprotein,567,L,0.117,uređena,Mers
ARQ84735.1 ___spike glycoprotein,568,Q,0.11,uređena,Mers
ARQ84735.1 ___spike glycoprotein,569,M,0.092,uređena,Mers
ARQ84735.1 ___spike glycoprotein,570,G,0.076,uređena,Mers
ARQ84735.1 ___spike glycoprotein,571,F,0.054,uređena,Mers
ARQ84735.1 ___spike glycoprotein,572,G,0.05,uređena,Mers
ARQ84735.1 ___spike glycoprotein,573,I,0.043,uređena,Mers
ARQ84735.1 ___spike glycoprotein,574,T,0.047,uređena,Mers
ARQ84735.1 ___spike glycoprotein,575,V,0.048,uređena,Mers
ARQ84735.1 ___spike glycoprotein,576,Q,0.059,uređena,Mers
ARQ84735.1 ___spike glycoprotein,577,Y,0.062,uređena,Mers
ARQ84735.1 ___spike glycoprotein,578,G,0.083,uređena,Mers
ARQ84735.1 ___spike glycoprotein,579,T,0.099,uređena,Mers
ARQ84735.1 ___spike glycoprotein,580,D,0.114,uređena,Mers
ARQ84735.1 ___spike glycoprotein,581,T,0.119,uređena,Mers
ARQ84735.1 ___spike glycoprotein,582,N,0.122,uređena,Mers
ARQ84735.1 ___spike glycoprotein,583,S,0.118,uređena,Mers
ARQ84735.1 ___spike glycoprotein,584,V,0.099,uređena,Mers
ARQ84735.1 ___spike glycoprotein,585,C,0.095,uređena,Mers
ARQ84735.1 ___spike glycoprotein,586,P,0.11,uređena,Mers
ARQ84735.1 ___spike glycoprotein,587,K,0.112,uređena,Mers
ARQ84735.1 ___spike glycoprotein,588,L,0.105,uređena,Mers
ARQ84735.1 ___spike glycoprotein,589,E,0.11,uređena,Mers
ARQ84735.1 ___spike glycoprotein,590,F,0.103,uređena,Mers
ARQ84735.1 ___spike glycoprotein,591,A,0.116,uređena,Mers
ARQ84735.1 ___spike glycoprotein,592,N,0.128,uređena,Mers
ARQ84735.1 ___spike glycoprotein,593,D,0.132,uređena,Mers
ARQ84735.1 ___spike glycoprotein,594,T,0.128,uređena,Mers
ARQ84735.1 ___spike glycoprotein,595,K,0.121,uređena,Mers
ARQ84735.1 ___spike glycoprotein,596,I,0.105,uređena,Mers
ARQ84735.1 ___spike glycoprotein,597,A,0.108,uređena,Mers
ARQ84735.1 ___spike glycoprotein,598,S,0.11,uređena,Mers
ARQ84735.1 ___spike glycoprotein,599,Q,0.098,uređena,Mers
ARQ84735.1 ___spike glycoprotein,600,L,0.075,uređena,Mers
ARQ84735.1 ___spike glycoprotein,601,G,0.065,uređena,Mers
ARQ84735.1 ___spike glycoprotein,602,N,0.052,uređena,Mers
ARQ84735.1 ___spike glycoprotein,603,C,0.032,uređena,Mers
ARQ84735.1 ___spike glycoprotein,604,V,0.027,uređena,Mers
ARQ84735.1 ___spike glycoprotein,605,E,0.028,uređena,Mers
ARQ84735.1 ___spike glycoprotein,606,Y,0.022,uređena,Mers
ARQ84735.1 ___spike glycoprotein,607,S,0.025,uređena,Mers
ARQ84735.1 ___spike glycoprotein,608,L,0.02,uređena,Mers
ARQ84735.1 ___spike glycoprotein,609,Y,0.019,uređena,Mers
ARQ84735.1 ___spike glycoprotein,610,G,0.027,uređena,Mers
ARQ84735.1 ___spike glycoprotein,611,V,0.031,uređena,Mers
ARQ84735.1 ___spike glycoprotein,612,S,0.043,uređena,Mers
ARQ84735.1 ___spike glycoprotein,613,G,0.045,uređena,Mers
ARQ84735.1 ___spike glycoprotein,614,R,0.043,uređena,Mers
ARQ84735.1 ___spike glycoprotein,615,G,0.037,uređena,Mers
ARQ84735.1 ___spike glycoprotein,616,V,0.027,uređena,Mers
ARQ84735.1 ___spike glycoprotein,617,F,0.024,uređena,Mers
ARQ84735.1 ___spike glycoprotein,618,Q,0.029,uređena,Mers
ARQ84735.1 ___spike glycoprotein,619,N,0.028,uređena,Mers
ARQ84735.1 ___spike glycoprotein,620,C,0.022,uređena,Mers
ARQ84735.1 ___spike glycoprotein,621,T,0.025,uređena,Mers
ARQ84735.1 ___spike glycoprotein,622,A,0.026,uređena,Mers
ARQ84735.1 ___spike glycoprotein,623,V,0.026,uređena,Mers
ARQ84735.1 ___spike glycoprotein,624,G,0.032,uređena,Mers
ARQ84735.1 ___spike glycoprotein,625,V,0.034,uređena,Mers
ARQ84735.1 ___spike glycoprotein,626,R,0.044,uređena,Mers
ARQ84735.1 ___spike glycoprotein,627,Q,0.048,uređena,Mers
ARQ84735.1 ___spike glycoprotein,628,Q,0.045,uređena,Mers
ARQ84735.1 ___spike glycoprotein,629,R,0.035,uređena,Mers
ARQ84735.1 ___spike glycoprotein,630,F,0.018,uređena,Mers
ARQ84735.1 ___spike glycoprotein,631,V,0.013,uređena,Mers
ARQ84735.1 ___spike glycoprotein,632,Y,0.012,uređena,Mers
ARQ84735.1 ___spike glycoprotein,633,D,0.017,uređena,Mers
ARQ84735.1 ___spike glycoprotein,634,A,0.016,uređena,Mers
ARQ84735.1 ___spike glycoprotein,635,Y,0.015,uređena,Mers
ARQ84735.1 ___spike glycoprotein,636,Q,0.019,uređena,Mers
ARQ84735.1 ___spike glycoprotein,637,N,0.018,uređena,Mers
ARQ84735.1 ___spike glycoprotein,638,L,0.014,uređena,Mers
ARQ84735.1 ___spike glycoprotein,639,V,0.012,uređena,Mers
ARQ84735.1 ___spike glycoprotein,640,G,0.014,uređena,Mers
ARQ84735.1 ___spike glycoprotein,641,Y,0.013,uređena,Mers
ARQ84735.1 ___spike glycoprotein,642,Y,0.019,uređena,Mers
ARQ84735.1 ___spike glycoprotein,643,S,0.037,uređena,Mers
ARQ84735.1 ___spike glycoprotein,644,D,0.044,uređena,Mers
ARQ84735.1 ___spike glycoprotein,645,D,0.044,uređena,Mers
ARQ84735.1 ___spike glycoprotein,646,G,0.037,uređena,Mers
ARQ84735.1 ___spike glycoprotein,647,N,0.027,uređena,Mers
ARQ84735.1 ___spike glycoprotein,648,Y,0.011,uređena,Mers
ARQ84735.1 ___spike glycoprotein,649,Y,0.006,uređena,Mers
ARQ84735.1 ___spike glycoprotein,650,C,0.005,uređena,Mers
ARQ84735.1 ___spike glycoprotein,651,L,0.007,uređena,Mers
ARQ84735.1 ___spike glycoprotein,652,R,0.011,uređena,Mers
ARQ84735.1 ___spike glycoprotein,653,A,0.011,uređena,Mers
ARQ84735.1 ___spike glycoprotein,654,C,0.01,uređena,Mers
ARQ84735.1 ___spike glycoprotein,655,V,0.015,uređena,Mers
ARQ84735.1 ___spike glycoprotein,656,S,0.025,uređena,Mers
ARQ84735.1 ___spike glycoprotein,657,V,0.026,uređena,Mers
ARQ84735.1 ___spike glycoprotein,658,P,0.034,uređena,Mers
ARQ84735.1 ___spike glycoprotein,659,V,0.033,uređena,Mers
ARQ84735.1 ___spike glycoprotein,660,S,0.038,uređena,Mers
ARQ84735.1 ___spike glycoprotein,661,V,0.035,uređena,Mers
ARQ84735.1 ___spike glycoprotein,662,I,0.038,uređena,Mers
ARQ84735.1 ___spike glycoprotein,663,Y,0.055,uređena,Mers
ARQ84735.1 ___spike glycoprotein,664,D,0.107,uređena,Mers
ARQ84735.1 ___spike glycoprotein,665,K,0.14,uređena,Mers
ARQ84735.1 ___spike glycoprotein,666,E,0.16,uređena,Mers
ARQ84735.1 ___spike glycoprotein,667,T,0.165,uređena,Mers
ARQ84735.1 ___spike glycoprotein,668,K,0.169,uređena,Mers
ARQ84735.1 ___spike glycoprotein,669,T,0.164,uređena,Mers
ARQ84735.1 ___spike glycoprotein,670,H,0.156,uređena,Mers
ARQ84735.1 ___spike glycoprotein,671,A,0.147,uređena,Mers
ARQ84735.1 ___spike glycoprotein,672,T,0.137,uređena,Mers
ARQ84735.1 ___spike glycoprotein,673,L,0.126,uređena,Mers
ARQ84735.1 ___spike glycoprotein,674,F,0.127,uređena,Mers
ARQ84735.1 ___spike glycoprotein,675,G,0.153,uređena,Mers
ARQ84735.1 ___spike glycoprotein,676,S,0.173,uređena,Mers
ARQ84735.1 ___spike glycoprotein,677,V,0.176,uređena,Mers
ARQ84735.1 ___spike glycoprotein,678,A,0.198,uređena,Mers
ARQ84735.1 ___spike glycoprotein,679,C,0.219,uređena,Mers
ARQ84735.1 ___spike glycoprotein,680,E,0.297,uređena,Mers
ARQ84735.1 ___spike glycoprotein,681,H,0.342,uređena,Mers
ARQ84735.1 ___spike glycoprotein,682,I,0.386,uređena,Mers
ARQ84735.1 ___spike glycoprotein,683,S,0.515,neuređena,Mers
ARQ84735.1 ___spike glycoprotein,684,S,0.583,neuređena,Mers
ARQ84735.1 ___spike glycoprotein,685,T,0.616,neuređena,Mers
ARQ84735.1 ___spike glycoprotein,686,M,0.649,neuređena,Mers
ARQ84735.1 ___spike glycoprotein,687,S,0.686,neuređena,Mers
ARQ84735.1 ___spike glycoprotein,688,Q,0.701,neuređena,Mers
ARQ84735.1 ___spike glycoprotein,689,Y,0.705,neuređena,Mers
ARQ84735.1 ___spike glycoprotein,690,S,0.747,neuređena,Mers
ARQ84735.1 ___spike glycoprotein,691,R,0.766,neuređena,Mers
ARQ84735.1 ___spike glycoprotein,692,S,0.778,neuređena,Mers
ARQ84735.1 ___spike glycoprotein,693,T,0.775,neuređena,Mers
ARQ84735.1 ___spike glycoprotein,694,R,0.773,neuređena,Mers
ARQ84735.1 ___spike glycoprotein,695,S,0.765,neuređena,Mers
ARQ84735.1 ___spike glycoprotein,696,M,0.739,neuređena,Mers
ARQ84735.1 ___spike glycoprotein,697,L,0.716,neuređena,Mers
ARQ84735.1 ___spike glycoprotein,698,K,0.716,neuređena,Mers
ARQ84735.1 ___spike glycoprotein,699,R,0.706,neuređena,Mers
ARQ84735.1 ___spike glycoprotein,700,R,0.689,neuređena,Mers
ARQ84735.1 ___spike glycoprotein,701,D,0.662,neuređena,Mers
ARQ84735.1 ___spike glycoprotein,702,S,0.62,neuređena,Mers
ARQ84735.1 ___spike glycoprotein,703,T,0.538,neuređena,Mers
ARQ84735.1 ___spike glycoprotein,704,Y,0.454,uređena,Mers
ARQ84735.1 ___spike glycoprotein,705,G,0.431,uređena,Mers
ARQ84735.1 ___spike glycoprotein,706,P,0.404,uređena,Mers
ARQ84735.1 ___spike glycoprotein,707,L,0.345,uređena,Mers
ARQ84735.1 ___spike glycoprotein,708,Q,0.321,uređena,Mers
ARQ84735.1 ___spike glycoprotein,709,T,0.278,uređena,Mers
ARQ84735.1 ___spike glycoprotein,710,P,0.233,uređena,Mers
ARQ84735.1 ___spike glycoprotein,711,V,0.146,uređena,Mers
ARQ84735.1 ___spike glycoprotein,712,G,0.105,uređena,Mers
ARQ84735.1 ___spike glycoprotein,713,C,0.057,uređena,Mers
ARQ84735.1 ___spike glycoprotein,714,V,0.043,uređena,Mers
ARQ84735.1 ___spike glycoprotein,715,L,0.039,uređena,Mers
ARQ84735.1 ___spike glycoprotein,716,G,0.041,uređena,Mers
ARQ84735.1 ___spike glycoprotein,717,L,0.039,uređena,Mers
ARQ84735.1 ___spike glycoprotein,718,V,0.045,uređena,Mers
ARQ84735.1 ___spike glycoprotein,719,N,0.061,uređena,Mers
ARQ84735.1 ___spike glycoprotein,720,S,0.07,uređena,Mers
ARQ84735.1 ___spike glycoprotein,721,S,0.068,uređena,Mers
ARQ84735.1 ___spike glycoprotein,722,L,0.053,uređena,Mers
ARQ84735.1 ___spike glycoprotein,723,F,0.049,uređena,Mers
ARQ84735.1 ___spike glycoprotein,724,V,0.057,uređena,Mers
ARQ84735.1 ___spike glycoprotein,725,E,0.078,uređena,Mers
ARQ84735.1 ___spike glycoprotein,726,D,0.086,uređena,Mers
ARQ84735.1 ___spike glycoprotein,727,C,0.087,uređena,Mers
ARQ84735.1 ___spike glycoprotein,728,K,0.108,uređena,Mers
ARQ84735.1 ___spike glycoprotein,729,L,0.12,uređena,Mers
ARQ84735.1 ___spike glycoprotein,730,P,0.149,uređena,Mers
ARQ84735.1 ___spike glycoprotein,731,L,0.159,uređena,Mers
ARQ84735.1 ___spike glycoprotein,732,G,0.189,uređena,Mers
ARQ84735.1 ___spike glycoprotein,733,Q,0.213,uređena,Mers
ARQ84735.1 ___spike glycoprotein,734,S,0.224,uređena,Mers
ARQ84735.1 ___spike glycoprotein,735,L,0.218,uređena,Mers
ARQ84735.1 ___spike glycoprotein,736,C,0.229,uređena,Mers
ARQ84735.1 ___spike glycoprotein,737,A,0.283,uređena,Mers
ARQ84735.1 ___spike glycoprotein,738,L,0.338,uređena,Mers
ARQ84735.1 ___spike glycoprotein,739,P,0.452,uređena,Mers
ARQ84735.1 ___spike glycoprotein,740,D,0.513,neuređena,Mers
ARQ84735.1 ___spike glycoprotein,741,T,0.553,neuređena,Mers
ARQ84735.1 ___spike glycoprotein,742,P,0.591,neuređena,Mers
ARQ84735.1 ___spike glycoprotein,743,S,0.607,neuređena,Mers
ARQ84735.1 ___spike glycoprotein,744,T,0.604,neuređena,Mers
ARQ84735.1 ___spike glycoprotein,745,L,0.6,neuređena,Mers
ARQ84735.1 ___spike glycoprotein,746,T,0.619,neuređena,Mers
ARQ84735.1 ___spike glycoprotein,747,P,0.638,neuređena,Mers
ARQ84735.1 ___spike glycoprotein,748,R,0.639,neuređena,Mers
ARQ84735.1 ___spike glycoprotein,749,S,0.632,neuređena,Mers
ARQ84735.1 ___spike glycoprotein,750,V,0.605,neuređena,Mers
ARQ84735.1 ___spike glycoprotein,751,R,0.603,neuređena,Mers
ARQ84735.1 ___spike glycoprotein,752,S,0.594,neuređena,Mers
ARQ84735.1 ___spike glycoprotein,753,V,0.562,neuređena,Mers
ARQ84735.1 ___spike glycoprotein,754,P,0.557,neuređena,Mers
ARQ84735.1 ___spike glycoprotein,755,G,0.532,neuređena,Mers
ARQ84735.1 ___spike glycoprotein,756,E,0.503,neuređena,Mers
ARQ84735.1 ___spike glycoprotein,757,M,0.448,uređena,Mers
ARQ84735.1 ___spike glycoprotein,758,R,0.399,uređena,Mers
ARQ84735.1 ___spike glycoprotein,759,L,0.332,uređena,Mers
ARQ84735.1 ___spike glycoprotein,760,A,0.303,uređena,Mers
ARQ84735.1 ___spike glycoprotein,761,S,0.273,uređena,Mers
ARQ84735.1 ___spike glycoprotein,762,I,0.212,uređena,Mers
ARQ84735.1 ___spike glycoprotein,763,A,0.194,uređena,Mers
ARQ84735.1 ___spike glycoprotein,764,F,0.176,uređena,Mers
ARQ84735.1 ___spike glycoprotein,765,N,0.182,uređena,Mers
ARQ84735.1 ___spike glycoprotein,766,H,0.181,uređena,Mers
ARQ84735.1 ___spike glycoprotein,767,P,0.178,uređena,Mers
ARQ84735.1 ___spike glycoprotein,768,I,0.159,uređena,Mers
ARQ84735.1 ___spike glycoprotein,769,Q,0.163,uređena,Mers
ARQ84735.1 ___spike glycoprotein,770,V,0.156,uređena,Mers
ARQ84735.1 ___spike glycoprotein,771,D,0.164,uređena,Mers
ARQ84735.1 ___spike glycoprotein,772,Q,0.163,uređena,Mers
ARQ84735.1 ___spike glycoprotein,773,L,0.151,uređena,Mers
ARQ84735.1 ___spike glycoprotein,774,N,0.154,uređena,Mers
ARQ84735.1 ___spike glycoprotein,775,S,0.15,uređena,Mers
ARQ84735.1 ___spike glycoprotein,776,S,0.128,uređena,Mers
ARQ84735.1 ___spike glycoprotein,777,Y,0.082,uređena,Mers
ARQ84735.1 ___spike glycoprotein,778,F,0.069,uređena,Mers
ARQ84735.1 ___spike glycoprotein,779,K,0.071,uređena,Mers
ARQ84735.1 ___spike glycoprotein,780,L,0.066,uređena,Mers
ARQ84735.1 ___spike glycoprotein,781,S,0.07,uređena,Mers
ARQ84735.1 ___spike glycoprotein,782,I,0.062,uređena,Mers
ARQ84735.1 ___spike glycoprotein,783,P,0.069,uređena,Mers
ARQ84735.1 ___spike glycoprotein,784,T,0.064,uređena,Mers
ARQ84735.1 ___spike glycoprotein,785,N,0.058,uređena,Mers
ARQ84735.1 ___spike glycoprotein,786,F,0.045,uređena,Mers
ARQ84735.1 ___spike glycoprotein,787,S,0.045,uređena,Mers
ARQ84735.1 ___spike glycoprotein,788,F,0.036,uređena,Mers
ARQ84735.1 ___spike glycoprotein,789,G,0.037,uređena,Mers
ARQ84735.1 ___spike glycoprotein,790,V,0.035,uređena,Mers
ARQ84735.1 ___spike glycoprotein,791,T,0.04,uređena,Mers
ARQ84735.1 ___spike glycoprotein,792,Q,0.043,uređena,Mers
ARQ84735.1 ___spike glycoprotein,793,E,0.039,uređena,Mers
ARQ84735.1 ___spike glycoprotein,794,Y,0.026,uređena,Mers
ARQ84735.1 ___spike glycoprotein,795,I,0.025,uređena,Mers
ARQ84735.1 ___spike glycoprotein,796,Q,0.032,uređena,Mers
ARQ84735.1 ___spike glycoprotein,797,T,0.032,uređena,Mers
ARQ84735.1 ___spike glycoprotein,798,T,0.031,uređena,Mers
ARQ84735.1 ___spike glycoprotein,799,I,0.027,uređena,Mers
ARQ84735.1 ___spike glycoprotein,800,Q,0.032,uređena,Mers
ARQ84735.1 ___spike glycoprotein,801,K,0.031,uređena,Mers
ARQ84735.1 ___spike glycoprotein,802,V,0.024,uređena,Mers
ARQ84735.1 ___spike glycoprotein,803,T,0.022,uređena,Mers
ARQ84735.1 ___spike glycoprotein,804,V,0.019,uređena,Mers
ARQ84735.1 ___spike glycoprotein,805,D,0.02,uređena,Mers
ARQ84735.1 ___spike glycoprotein,806,C,0.016,uređena,Mers
ARQ84735.1 ___spike glycoprotein,807,K,0.02,uređena,Mers
ARQ84735.1 ___spike glycoprotein,808,Q,0.018,uređena,Mers
ARQ84735.1 ___spike glycoprotein,809,Y,0.011,uređena,Mers
ARQ84735.1 ___spike glycoprotein,810,V,0.01,uređena,Mers
ARQ84735.1 ___spike glycoprotein,811,C,0.011,uređena,Mers
ARQ84735.1 ___spike glycoprotein,812,N,0.02,uređena,Mers
ARQ84735.1 ___spike glycoprotein,813,G,0.024,uređena,Mers
ARQ84735.1 ___spike glycoprotein,814,F,0.025,uređena,Mers
ARQ84735.1 ___spike glycoprotein,815,Q,0.036,uređena,Mers
ARQ84735.1 ___spike glycoprotein,816,K,0.04,uređena,Mers
ARQ84735.1 ___spike glycoprotein,817,C,0.038,uređena,Mers
ARQ84735.1 ___spike glycoprotein,818,E,0.048,uređena,Mers
ARQ84735.1 ___spike glycoprotein,819,Q,0.049,uređena,Mers
ARQ84735.1 ___spike glycoprotein,820,L,0.043,uređena,Mers
ARQ84735.1 ___spike glycoprotein,821,L,0.045,uređena,Mers
ARQ84735.1 ___spike glycoprotein,822,R,0.054,uređena,Mers
ARQ84735.1 ___spike glycoprotein,823,E,0.058,uređena,Mers
ARQ84735.1 ___spike glycoprotein,824,Y,0.053,uređena,Mers
ARQ84735.1 ___spike glycoprotein,825,G,0.061,uređena,Mers
ARQ84735.1 ___spike glycoprotein,826,Q,0.066,uređena,Mers
ARQ84735.1 ___spike glycoprotein,827,F,0.063,uređena,Mers
ARQ84735.1 ___spike glycoprotein,828,C,0.074,uređena,Mers
ARQ84735.1 ___spike glycoprotein,829,S,0.118,uređena,Mers
ARQ84735.1 ___spike glycoprotein,830,K,0.138,uređena,Mers
ARQ84735.1 ___spike glycoprotein,831,I,0.147,uređena,Mers
ARQ84735.1 ___spike glycoprotein,832,N,0.186,uređena,Mers
ARQ84735.1 ___spike glycoprotein,833,Q,0.213,uređena,Mers
ARQ84735.1 ___spike glycoprotein,834,A,0.227,uređena,Mers
ARQ84735.1 ___spike glycoprotein,835,L,0.24,uređena,Mers
ARQ84735.1 ___spike glycoprotein,836,H,0.277,uređena,Mers
ARQ84735.1 ___spike glycoprotein,837,G,0.312,uređena,Mers
ARQ84735.1 ___spike glycoprotein,838,A,0.342,uređena,Mers
ARQ84735.1 ___spike glycoprotein,839,N,0.372,uređena,Mers
ARQ84735.1 ___spike glycoprotein,840,L,0.392,uređena,Mers
ARQ84735.1 ___spike glycoprotein,841,R,0.443,uređena,Mers
ARQ84735.1 ___spike glycoprotein,842,Q,0.479,uređena,Mers
ARQ84735.1 ___spike glycoprotein,843,D,0.499,uređena,Mers
ARQ84735.1 ___spike glycoprotein,844,D,0.506,neuređena,Mers
ARQ84735.1 ___spike glycoprotein,845,S,0.502,neuređena,Mers
ARQ84735.1 ___spike glycoprotein,846,V,0.478,uređena,Mers
ARQ84735.1 ___spike glycoprotein,847,R,0.478,uređena,Mers
ARQ84735.1 ___spike glycoprotein,848,N,0.47,uređena,Mers
ARQ84735.1 ___spike glycoprotein,849,L,0.453,uređena,Mers
ARQ84735.1 ___spike glycoprotein,850,F,0.457,uređena,Mers
ARQ84735.1 ___spike glycoprotein,851,A,0.501,neuređena,Mers
ARQ84735.1 ___spike glycoprotein,852,S,0.547,neuređena,Mers
ARQ84735.1 ___spike glycoprotein,853,V,0.566,neuređena,Mers
ARQ84735.1 ___spike glycoprotein,854,K,0.62,neuređena,Mers
ARQ84735.1 ___spike glycoprotein,855,S,0.654,neuređena,Mers
ARQ84735.1 ___spike glycoprotein,856,S,0.667,neuređena,Mers
ARQ84735.1 ___spike glycoprotein,857,Q,0.662,neuređena,Mers
ARQ84735.1 ___spike glycoprotein,858,S,0.646,neuređena,Mers
ARQ84735.1 ___spike glycoprotein,859,S,0.605,neuređena,Mers
ARQ84735.1 ___spike glycoprotein,860,P,0.525,neuređena,Mers
ARQ84735.1 ___spike glycoprotein,861,I,0.378,uređena,Mers
ARQ84735.1 ___spike glycoprotein,862,I,0.327,uređena,Mers
ARQ84735.1 ___spike glycoprotein,863,P,0.317,uređena,Mers
ARQ84735.1 ___spike glycoprotein,864,G,0.284,uređena,Mers
ARQ84735.1 ___spike glycoprotein,865,F,0.246,uređena,Mers
ARQ84735.1 ___spike glycoprotein,866,G,0.241,uređena,Mers
ARQ84735.1 ___spike glycoprotein,867,G,0.232,uređena,Mers
ARQ84735.1 ___spike glycoprotein,868,D,0.219,uređena,Mers
ARQ84735.1 ___spike glycoprotein,869,F,0.193,uređena,Mers
ARQ84735.1 ___spike glycoprotein,870,N,0.194,uređena,Mers
ARQ84735.1 ___spike glycoprotein,871,L,0.188,uređena,Mers
ARQ84735.1 ___spike glycoprotein,872,T,0.197,uređena,Mers
ARQ84735.1 ___spike glycoprotein,873,L,0.204,uređena,Mers
ARQ84735.1 ___spike glycoprotein,874,L,0.231,uređena,Mers
ARQ84735.1 ___spike glycoprotein,875,E,0.292,uređena,Mers
ARQ84735.1 ___spike glycoprotein,876,P,0.325,uređena,Mers
ARQ84735.1 ___spike glycoprotein,877,V,0.337,uređena,Mers
ARQ84735.1 ___spike glycoprotein,878,S,0.376,uređena,Mers
ARQ84735.1 ___spike glycoprotein,879,I,0.39,uređena,Mers
ARQ84735.1 ___spike glycoprotein,880,S,0.45,uređena,Mers
ARQ84735.1 ___spike glycoprotein,881,T,0.478,uređena,Mers
ARQ84735.1 ___spike glycoprotein,882,G,0.505,neuređena,Mers
ARQ84735.1 ___spike glycoprotein,883,S,0.528,neuređena,Mers
ARQ84735.1 ___spike glycoprotein,884,R,0.53,neuređena,Mers
ARQ84735.1 ___spike glycoprotein,885,S,0.524,neuređena,Mers
ARQ84735.1 ___spike glycoprotein,886,A,0.498,uređena,Mers
ARQ84735.1 ___spike glycoprotein,887,R,0.472,uređena,Mers
ARQ84735.1 ___spike glycoprotein,888,S,0.435,uređena,Mers
ARQ84735.1 ___spike glycoprotein,889,A,0.36,uređena,Mers
ARQ84735.1 ___spike glycoprotein,890,I,0.286,uređena,Mers
ARQ84735.1 ___spike glycoprotein,891,E,0.265,uređena,Mers
ARQ84735.1 ___spike glycoprotein,892,D,0.221,uređena,Mers
ARQ84735.1 ___spike glycoprotein,893,L,0.156,uređena,Mers
ARQ84735.1 ___spike glycoprotein,894,L,0.124,uređena,Mers
ARQ84735.1 ___spike glycoprotein,895,F,0.112,uređena,Mers
ARQ84735.1 ___spike glycoprotein,896,D,0.119,uređena,Mers
ARQ84735.1 ___spike glycoprotein,897,K,0.117,uređena,Mers
ARQ84735.1 ___spike glycoprotein,898,V,0.106,uređena,Mers
ARQ84735.1 ___spike glycoprotein,899,T,0.108,uređena,Mers
ARQ84735.1 ___spike glycoprotein,900,I,0.108,uređena,Mers
ARQ84735.1 ___spike glycoprotein,901,A,0.128,uređena,Mers
ARQ84735.1 ___spike glycoprotein,902,D,0.148,uređena,Mers
ARQ84735.1 ___spike glycoprotein,903,P,0.157,uređena,Mers
ARQ84735.1 ___spike glycoprotein,904,G,0.152,uređena,Mers
ARQ84735.1 ___spike glycoprotein,905,Y,0.142,uređena,Mers
ARQ84735.1 ___spike glycoprotein,906,M,0.154,uređena,Mers
ARQ84735.1 ___spike glycoprotein,907,Q,0.168,uređena,Mers
ARQ84735.1 ___spike glycoprotein,908,G,0.171,uređena,Mers
ARQ84735.1 ___spike glycoprotein,909,Y,0.169,uređena,Mers
ARQ84735.1 ___spike glycoprotein,910,D,0.194,uređena,Mers
ARQ84735.1 ___spike glycoprotein,911,D,0.207,uređena,Mers
ARQ84735.1 ___spike glycoprotein,912,C,0.209,uređena,Mers
ARQ84735.1 ___spike glycoprotein,913,M,0.244,uređena,Mers
ARQ84735.1 ___spike glycoprotein,914,Q,0.283,uređena,Mers
ARQ84735.1 ___spike glycoprotein,915,Q,0.304,uređena,Mers
ARQ84735.1 ___spike glycoprotein,916,G,0.312,uređena,Mers
ARQ84735.1 ___spike glycoprotein,917,P,0.316,uređena,Mers
ARQ84735.1 ___spike glycoprotein,918,A,0.302,uređena,Mers
ARQ84735.1 ___spike glycoprotein,919,S,0.288,uređena,Mers
ARQ84735.1 ___spike glycoprotein,920,A,0.25,uređena,Mers
ARQ84735.1 ___spike glycoprotein,921,R,0.213,uređena,Mers
ARQ84735.1 ___spike glycoprotein,922,D,0.161,uređena,Mers
ARQ84735.1 ___spike glycoprotein,923,L,0.083,uređena,Mers
ARQ84735.1 ___spike glycoprotein,924,I,0.044,uređena,Mers
ARQ84735.1 ___spike glycoprotein,925,C,0.031,uređena,Mers
ARQ84735.1 ___spike glycoprotein,926,A,0.03,uređena,Mers
ARQ84735.1 ___spike glycoprotein,927,Q,0.027,uređena,Mers
ARQ84735.1 ___spike glycoprotein,928,Y,0.019,uređena,Mers
ARQ84735.1 ___spike glycoprotein,929,V,0.018,uređena,Mers
ARQ84735.1 ___spike glycoprotein,930,A,0.022,uređena,Mers
ARQ84735.1 ___spike glycoprotein,931,G,0.024,uređena,Mers
ARQ84735.1 ___spike glycoprotein,932,Y,0.024,uređena,Mers
ARQ84735.1 ___spike glycoprotein,933,K,0.032,uređena,Mers
ARQ84735.1 ___spike glycoprotein,934,V,0.035,uređena,Mers
ARQ84735.1 ___spike glycoprotein,935,L,0.045,uređena,Mers
ARQ84735.1 ___spike glycoprotein,936,P,0.068,uređena,Mers
ARQ84735.1 ___spike glycoprotein,937,P,0.076,uređena,Mers
ARQ84735.1 ___spike glycoprotein,938,L,0.073,uređena,Mers
ARQ84735.1 ___spike glycoprotein,939,M,0.079,uređena,Mers
ARQ84735.1 ___spike glycoprotein,940,D,0.086,uređena,Mers
ARQ84735.1 ___spike glycoprotein,941,V,0.084,uređena,Mers
ARQ84735.1 ___spike glycoprotein,942,N,0.094,uređena,Mers
ARQ84735.1 ___spike glycoprotein,943,M,0.098,uređena,Mers
ARQ84735.1 ___spike glycoprotein,944,E,0.102,uređena,Mers
ARQ84735.1 ___spike glycoprotein,945,A,0.095,uređena,Mers
ARQ84735.1 ___spike glycoprotein,946,A,0.087,uređena,Mers
ARQ84735.1 ___spike glycoprotein,947,Y,0.078,uređena,Mers
ARQ84735.1 ___spike glycoprotein,948,T,0.086,uređena,Mers
ARQ84735.1 ___spike glycoprotein,949,S,0.092,uređena,Mers
ARQ84735.1 ___spike glycoprotein,950,S,0.085,uređena,Mers
ARQ84735.1 ___spike glycoprotein,951,L,0.063,uređena,Mers
ARQ84735.1 ___spike glycoprotein,952,L,0.055,uređena,Mers
ARQ84735.1 ___spike glycoprotein,953,G,0.055,uređena,Mers
ARQ84735.1 ___spike glycoprotein,954,S,0.051,uređena,Mers
ARQ84735.1 ___spike glycoprotein,955,I,0.036,uređena,Mers
ARQ84735.1 ___spike glycoprotein,956,A,0.034,uređena,Mers
ARQ84735.1 ___spike glycoprotein,957,G,0.03,uređena,Mers
ARQ84735.1 ___spike glycoprotein,958,V,0.023,uređena,Mers
ARQ84735.1 ___spike glycoprotein,959,G,0.021,uređena,Mers
ARQ84735.1 ___spike glycoprotein,960,W,0.017,uređena,Mers
ARQ84735.1 ___spike glycoprotein,961,T,0.025,uređena,Mers
ARQ84735.1 ___spike glycoprotein,962,A,0.031,uređena,Mers
ARQ84735.1 ___spike glycoprotein,963,G,0.035,uređena,Mers
ARQ84735.1 ___spike glycoprotein,964,L,0.036,uređena,Mers
ARQ84735.1 ___spike glycoprotein,965,S,0.044,uređena,Mers
ARQ84735.1 ___spike glycoprotein,966,S,0.043,uređena,Mers
ARQ84735.1 ___spike glycoprotein,967,F,0.031,uređena,Mers
ARQ84735.1 ___spike glycoprotein,968,A,0.03,uređena,Mers
ARQ84735.1 ___spike glycoprotein,969,A,0.027,uređena,Mers
ARQ84735.1 ___spike glycoprotein,970,I,0.023,uređena,Mers
ARQ84735.1 ___spike glycoprotein,971,P,0.027,uređena,Mers
ARQ84735.1 ___spike glycoprotein,972,F,0.024,uređena,Mers
ARQ84735.1 ___spike glycoprotein,973,A,0.028,uređena,Mers
ARQ84735.1 ___spike glycoprotein,974,Q,0.031,uređena,Mers
ARQ84735.1 ___spike glycoprotein,975,S,0.028,uređena,Mers
ARQ84735.1 ___spike glycoprotein,976,I,0.015,uređena,Mers
ARQ84735.1 ___spike glycoprotein,977,F,0.012,uređena,Mers
ARQ84735.1 ___spike glycoprotein,978,Y,0.013,uređena,Mers
ARQ84735.1 ___spike glycoprotein,979,R,0.022,uređena,Mers
ARQ84735.1 ___spike glycoprotein,980,L,0.026,uređena,Mers
ARQ84735.1 ___spike glycoprotein,981,N,0.037,uređena,Mers
ARQ84735.1 ___spike glycoprotein,982,G,0.042,uređena,Mers
ARQ84735.1 ___spike glycoprotein,983,V,0.044,uređena,Mers
ARQ84735.1 ___spike glycoprotein,984,G,0.055,uređena,Mers
ARQ84735.1 ___spike glycoprotein,985,I,0.062,uređena,Mers
ARQ84735.1 ___spike glycoprotein,986,T,0.09,uređena,Mers
ARQ84735.1 ___spike glycoprotein,987,Q,0.116,uređena,Mers
ARQ84735.1 ___spike glycoprotein,988,Q,0.129,uređena,Mers
ARQ84735.1 ___spike glycoprotein,989,V,0.132,uređena,Mers
ARQ84735.1 ___spike glycoprotein,990,L,0.15,uređena,Mers
ARQ84735.1 ___spike glycoprotein,991,S,0.193,uređena,Mers
ARQ84735.1 ___spike glycoprotein,992,E,0.211,uređena,Mers
ARQ84735.1 ___spike glycoprotein,993,N,0.215,uređena,Mers
ARQ84735.1 ___spike glycoprotein,994,Q,0.212,uređena,Mers
ARQ84735.1 ___spike glycoprotein,995,K,0.196,uređena,Mers
ARQ84735.1 ___spike glycoprotein,996,L,0.167,uređena,Mers
ARQ84735.1 ___spike glycoprotein,997,I,0.157,uređena,Mers
ARQ84735.1 ___spike glycoprotein,998,A,0.17,uređena,Mers
ARQ84735.1 ___spike glycoprotein,999,N,0.181,uređena,Mers
ARQ84735.1 ___spike glycoprotein,1000,K,0.185,uređena,Mers
ARQ84735.1 ___spike glycoprotein,1001,F,0.18,uređena,Mers
ARQ84735.1 ___spike glycoprotein,1002,N,0.198,uređena,Mers
ARQ84735.1 ___spike glycoprotein,1003,Q,0.208,uređena,Mers
ARQ84735.1 ___spike glycoprotein,1004,A,0.207,uređena,Mers
ARQ84735.1 ___spike glycoprotein,1005,L,0.205,uređena,Mers
ARQ84735.1 ___spike glycoprotein,1006,G,0.22,uređena,Mers
ARQ84735.1 ___spike glycoprotein,1007,A,0.231,uređena,Mers
ARQ84735.1 ___spike glycoprotein,1008,M,0.242,uređena,Mers
ARQ84735.1 ___spike glycoprotein,1009,Q,0.254,uređena,Mers
ARQ84735.1 ___spike glycoprotein,1010,T,0.254,uređena,Mers
ARQ84735.1 ___spike glycoprotein,1011,G,0.253,uređena,Mers
ARQ84735.1 ___spike glycoprotein,1012,F,0.247,uređena,Mers
ARQ84735.1 ___spike glycoprotein,1013,T,0.27,uređena,Mers
ARQ84735.1 ___spike glycoprotein,1014,T,0.291,uređena,Mers
ARQ84735.1 ___spike glycoprotein,1015,T,0.31,uređena,Mers
ARQ84735.1 ___spike glycoprotein,1016,N,0.328,uređena,Mers
ARQ84735.1 ___spike glycoprotein,1017,E,0.337,uređena,Mers
ARQ84735.1 ___spike glycoprotein,1018,A,0.332,uređena,Mers
ARQ84735.1 ___spike glycoprotein,1019,F,0.326,uređena,Mers
ARQ84735.1 ___spike glycoprotein,1020,R,0.352,uređena,Mers
ARQ84735.1 ___spike glycoprotein,1021,K,0.368,uređena,Mers
ARQ84735.1 ___spike glycoprotein,1022,V,0.372,uređena,Mers
ARQ84735.1 ___spike glycoprotein,1023,Q,0.4,uređena,Mers
ARQ84735.1 ___spike glycoprotein,1024,D,0.413,uređena,Mers
ARQ84735.1 ___spike glycoprotein,1025,A,0.414,uređena,Mers
ARQ84735.1 ___spike glycoprotein,1026,V,0.416,uređena,Mers
ARQ84735.1 ___spike glycoprotein,1027,N,0.443,uređena,Mers
ARQ84735.1 ___spike glycoprotein,1028,N,0.459,uređena,Mers
ARQ84735.1 ___spike glycoprotein,1029,N,0.467,uređena,Mers
ARQ84735.1 ___spike glycoprotein,1030,A,0.466,uređena,Mers
ARQ84735.1 ___spike glycoprotein,1031,Q,0.466,uređena,Mers
ARQ84735.1 ___spike glycoprotein,1032,A,0.454,uređena,Mers
ARQ84735.1 ___spike glycoprotein,1033,L,0.442,uređena,Mers
ARQ84735.1 ___spike glycoprotein,1034,S,0.451,uređena,Mers
ARQ84735.1 ___spike glycoprotein,1035,K,0.442,uređena,Mers
ARQ84735.1 ___spike glycoprotein,1036,L,0.419,uređena,Mers
ARQ84735.1 ___spike glycoprotein,1037,A,0.419,uređena,Mers
ARQ84735.1 ___spike glycoprotein,1038,S,0.42,uređena,Mers
ARQ84735.1 ___spike glycoprotein,1039,E,0.4,uređena,Mers
ARQ84735.1 ___spike glycoprotein,1040,L,0.361,uređena,Mers
ARQ84735.1 ___spike glycoprotein,1041,S,0.347,uređena,Mers
ARQ84735.1 ___spike glycoprotein,1042,N,0.31,uređena,Mers
ARQ84735.1 ___spike glycoprotein,1043,T,0.259,uređena,Mers
ARQ84735.1 ___spike glycoprotein,1044,F,0.205,uređena,Mers
ARQ84735.1 ___spike glycoprotein,1045,G,0.192,uređena,Mers
ARQ84735.1 ___spike glycoprotein,1046,A,0.173,uređena,Mers
ARQ84735.1 ___spike glycoprotein,1047,I,0.155,uređena,Mers
ARQ84735.1 ___spike glycoprotein,1048,S,0.159,uređena,Mers
ARQ84735.1 ___spike glycoprotein,1049,A,0.148,uređena,Mers
ARQ84735.1 ___spike glycoprotein,1050,S,0.136,uređena,Mers
ARQ84735.1 ___spike glycoprotein,1051,I,0.105,uređena,Mers
ARQ84735.1 ___spike glycoprotein,1052,G,0.098,uređena,Mers
ARQ84735.1 ___spike glycoprotein,1053,D,0.088,uređena,Mers
ARQ84735.1 ___spike glycoprotein,1054,I,0.067,uređena,Mers
ARQ84735.1 ___spike glycoprotein,1055,I,0.065,uređena,Mers
ARQ84735.1 ___spike glycoprotein,1056,Q,0.076,uređena,Mers
ARQ84735.1 ___spike glycoprotein,1057,R,0.079,uređena,Mers
ARQ84735.1 ___spike glycoprotein,1058,L,0.076,uređena,Mers
ARQ84735.1 ___spike glycoprotein,1059,D,0.082,uređena,Mers
ARQ84735.1 ___spike glycoprotein,1060,V,0.081,uređena,Mers
ARQ84735.1 ___spike glycoprotein,1061,L,0.091,uređena,Mers
ARQ84735.1 ___spike glycoprotein,1062,E,0.117,uređena,Mers
ARQ84735.1 ___spike glycoprotein,1063,Q,0.128,uređena,Mers
ARQ84735.1 ___spike glycoprotein,1064,D,0.13,uređena,Mers
ARQ84735.1 ___spike glycoprotein,1065,A,0.122,uređena,Mers
ARQ84735.1 ___spike glycoprotein,1066,Q,0.113,uređena,Mers
ARQ84735.1 ___spike glycoprotein,1067,I,0.094,uređena,Mers
ARQ84735.1 ___spike glycoprotein,1068,D,0.093,uređena,Mers
ARQ84735.1 ___spike glycoprotein,1069,R,0.084,uređena,Mers
ARQ84735.1 ___spike glycoprotein,1070,L,0.068,uređena,Mers
ARQ84735.1 ___spike glycoprotein,1071,I,0.064,uređena,Mers
ARQ84735.1 ___spike glycoprotein,1072,N,0.073,uređena,Mers
ARQ84735.1 ___spike glycoprotein,1073,G,0.076,uređena,Mers
ARQ84735.1 ___spike glycoprotein,1074,R,0.076,uređena,Mers
ARQ84735.1 ___spike glycoprotein,1075,L,0.07,uređena,Mers
ARQ84735.1 ___spike glycoprotein,1076,T,0.073,uređena,Mers
ARQ84735.1 ___spike glycoprotein,1077,T,0.074,uređena,Mers
ARQ84735.1 ___spike glycoprotein,1078,L,0.073,uređena,Mers
ARQ84735.1 ___spike glycoprotein,1079,N,0.082,uređena,Mers
ARQ84735.1 ___spike glycoprotein,1080,A,0.084,uređena,Mers
ARQ84735.1 ___spike glycoprotein,1081,F,0.086,uređena,Mers
ARQ84735.1 ___spike glycoprotein,1082,V,0.107,uređena,Mers
ARQ84735.1 ___spike glycoprotein,1083,A,0.155,uređena,Mers
ARQ84735.1 ___spike glycoprotein,1084,Q,0.203,uređena,Mers
ARQ84735.1 ___spike glycoprotein,1085,Q,0.232,uređena,Mers
ARQ84735.1 ___spike glycoprotein,1086,L,0.246,uređena,Mers
ARQ84735.1 ___spike glycoprotein,1087,V,0.285,uređena,Mers
ARQ84735.1 ___spike glycoprotein,1088,R,0.372,uređena,Mers
ARQ84735.1 ___spike glycoprotein,1089,S,0.436,uređena,Mers
ARQ84735.1 ___spike glycoprotein,1090,E,0.467,uređena,Mers
ARQ84735.1 ___spike glycoprotein,1091,S,0.48,uređena,Mers
ARQ84735.1 ___spike glycoprotein,1092,A,0.473,uređena,Mers
ARQ84735.1 ___spike glycoprotein,1093,A,0.468,uređena,Mers
ARQ84735.1 ___spike glycoprotein,1094,L,0.463,uređena,Mers
ARQ84735.1 ___spike glycoprotein,1095,S,0.48,uređena,Mers
ARQ84735.1 ___spike glycoprotein,1096,A,0.477,uređena,Mers
ARQ84735.1 ___spike glycoprotein,1097,Q,0.476,uređena,Mers
ARQ84735.1 ___spike glycoprotein,1098,L,0.461,uređena,Mers
ARQ84735.1 ___spike glycoprotein,1099,A,0.468,uređena,Mers
ARQ84735.1 ___spike glycoprotein,1100,K,0.476,uređena,Mers
ARQ84735.1 ___spike glycoprotein,1101,D,0.472,uređena,Mers
ARQ84735.1 ___spike glycoprotein,1102,K,0.457,uređena,Mers
ARQ84735.1 ___spike glycoprotein,1103,V,0.427,uređena,Mers
ARQ84735.1 ___spike glycoprotein,1104,N,0.423,uređena,Mers
ARQ84735.1 ___spike glycoprotein,1105,E,0.41,uređena,Mers
ARQ84735.1 ___spike glycoprotein,1106,C,0.379,uređena,Mers
ARQ84735.1 ___spike glycoprotein,1107,V,0.384,uređena,Mers
ARQ84735.1 ___spike glycoprotein,1108,K,0.414,uređena,Mers
ARQ84735.1 ___spike glycoprotein,1109,A,0.43,uređena,Mers
ARQ84735.1 ___spike glycoprotein,1110,Q,0.447,uređena,Mers
ARQ84735.1 ___spike glycoprotein,1111,S,0.45,uređena,Mers
ARQ84735.1 ___spike glycoprotein,1112,K,0.434,uređena,Mers
ARQ84735.1 ___spike glycoprotein,1113,R,0.404,uređena,Mers
ARQ84735.1 ___spike glycoprotein,1114,S,0.361,uređena,Mers
ARQ84735.1 ___spike glycoprotein,1115,G,0.277,uređena,Mers
ARQ84735.1 ___spike glycoprotein,1116,F,0.18,uređena,Mers
ARQ84735.1 ___spike glycoprotein,1117,C,0.147,uređena,Mers
ARQ84735.1 ___spike glycoprotein,1118,G,0.144,uređena,Mers
ARQ84735.1 ___spike glycoprotein,1119,Q,0.137,uređena,Mers
ARQ84735.1 ___spike glycoprotein,1120,G,0.119,uređena,Mers
ARQ84735.1 ___spike glycoprotein,1121,T,0.095,uređena,Mers
ARQ84735.1 ___spike glycoprotein,1122,H,0.07,uređena,Mers
ARQ84735.1 ___spike glycoprotein,1123,I,0.043,uređena,Mers
ARQ84735.1 ___spike glycoprotein,1124,V,0.034,uređena,Mers
ARQ84735.1 ___spike glycoprotein,1125,S,0.033,uređena,Mers
ARQ84735.1 ___spike glycoprotein,1126,F,0.023,uređena,Mers
ARQ84735.1 ___spike glycoprotein,1127,V,0.022,uređena,Mers
ARQ84735.1 ___spike glycoprotein,1128,V,0.026,uređena,Mers
ARQ84735.1 ___spike glycoprotein,1129,N,0.037,uređena,Mers
ARQ84735.1 ___spike glycoprotein,1130,A,0.042,uređena,Mers
ARQ84735.1 ___spike glycoprotein,1131,P,0.047,uređena,Mers
ARQ84735.1 ___spike glycoprotein,1132,N,0.042,uređena,Mers
ARQ84735.1 ___spike glycoprotein,1133,G,0.031,uređena,Mers
ARQ84735.1 ___spike glycoprotein,1134,L,0.016,uređena,Mers
ARQ84735.1 ___spike glycoprotein,1135,Y,0.009,uređena,Mers
ARQ84735.1 ___spike glycoprotein,1136,F,0.008,uređena,Mers
ARQ84735.1 ___spike glycoprotein,1137,M,0.011,uređena,Mers
ARQ84735.1 ___spike glycoprotein,1138,H,0.012,uređena,Mers
ARQ84735.1 ___spike glycoprotein,1139,V,0.011,uređena,Mers
ARQ84735.1 ___spike glycoprotein,1140,G,0.014,uređena,Mers
ARQ84735.1 ___spike glycoprotein,1141,Y,0.014,uređena,Mers
ARQ84735.1 ___spike glycoprotein,1142,Y,0.02,uređena,Mers
ARQ84735.1 ___spike glycoprotein,1143,P,0.04,uređena,Mers
ARQ84735.1 ___spike glycoprotein,1144,S,0.048,uređena,Mers
ARQ84735.1 ___spike glycoprotein,1145,N,0.046,uređena,Mers
ARQ84735.1 ___spike glycoprotein,1146,H,0.039,uređena,Mers
ARQ84735.1 ___spike glycoprotein,1147,I,0.03,uređena,Mers
ARQ84735.1 ___spike glycoprotein,1148,E,0.031,uređena,Mers
ARQ84735.1 ___spike glycoprotein,1149,V,0.024,uređena,Mers
ARQ84735.1 ___spike glycoprotein,1150,V,0.023,uređena,Mers
ARQ84735.1 ___spike glycoprotein,1151,S,0.028,uređena,Mers
ARQ84735.1 ___spike glycoprotein,1152,A,0.024,uređena,Mers
ARQ84735.1 ___spike glycoprotein,1153,Y,0.019,uređena,Mers
ARQ84735.1 ___spike glycoprotein,1154,G,0.022,uređena,Mers
ARQ84735.1 ___spike glycoprotein,1155,L,0.021,uređena,Mers
ARQ84735.1 ___spike glycoprotein,1156,C,0.025,uređena,Mers
ARQ84735.1 ___spike glycoprotein,1157,D,0.043,uređena,Mers
ARQ84735.1 ___spike glycoprotein,1158,A,0.053,uređena,Mers
ARQ84735.1 ___spike glycoprotein,1159,A,0.061,uređena,Mers
ARQ84735.1 ___spike glycoprotein,1160,N,0.068,uređena,Mers
ARQ84735.1 ___spike glycoprotein,1161,P,0.07,uređena,Mers
ARQ84735.1 ___spike glycoprotein,1162,T,0.06,uređena,Mers
ARQ84735.1 ___spike glycoprotein,1163,N,0.048,uređena,Mers
ARQ84735.1 ___spike glycoprotein,1164,C,0.029,uređena,Mers
ARQ84735.1 ___spike glycoprotein,1165,I,0.025,uređena,Mers
ARQ84735.1 ___spike glycoprotein,1166,A,0.029,uređena,Mers
ARQ84735.1 ___spike glycoprotein,1167,P,0.032,uređena,Mers
ARQ84735.1 ___spike glycoprotein,1168,V,0.026,uređena,Mers
ARQ84735.1 ___spike glycoprotein,1169,N,0.026,uređena,Mers
ARQ84735.1 ___spike glycoprotein,1170,G,0.022,uređena,Mers
ARQ84735.1 ___spike glycoprotein,1171,Y,0.014,uređena,Mers
ARQ84735.1 ___spike glycoprotein,1172,F,0.014,uređena,Mers
ARQ84735.1 ___spike glycoprotein,1173,I,0.02,uređena,Mers
ARQ84735.1 ___spike glycoprotein,1174,K,0.039,uređena,Mers
ARQ84735.1 ___spike glycoprotein,1175,T,0.049,uređena,Mers
ARQ84735.1 ___spike glycoprotein,1176,N,0.057,uređena,Mers
ARQ84735.1 ___spike glycoprotein,1177,N,0.059,uređena,Mers
ARQ84735.1 ___spike glycoprotein,1178,T,0.056,uređena,Mers
ARQ84735.1 ___spike glycoprotein,1179,R,0.051,uređena,Mers
ARQ84735.1 ___spike glycoprotein,1180,I,0.04,uređena,Mers
ARQ84735.1 ___spike glycoprotein,1181,V,0.041,uređena,Mers
ARQ84735.1 ___spike glycoprotein,1182,D,0.05,uređena,Mers
ARQ84735.1 ___spike glycoprotein,1183,E,0.051,uređena,Mers
ARQ84735.1 ___spike glycoprotein,1184,W,0.045,uređena,Mers
ARQ84735.1 ___spike glycoprotein,1185,S,0.059,uređena,Mers
ARQ84735.1 ___spike glycoprotein,1186,Y,0.062,uređena,Mers
ARQ84735.1 ___spike glycoprotein,1187,T,0.082,uređena,Mers
ARQ84735.1 ___spike glycoprotein,1188,G,0.1,uređena,Mers
ARQ84735.1 ___spike glycoprotein,1189,S,0.114,uređena,Mers
ARQ84735.1 ___spike glycoprotein,1190,S,0.114,uređena,Mers
ARQ84735.1 ___spike glycoprotein,1191,F,0.1,uređena,Mers
ARQ84735.1 ___spike glycoprotein,1192,Y,0.104,uređena,Mers
ARQ84735.1 ___spike glycoprotein,1193,A,0.133,uređena,Mers
ARQ84735.1 ___spike glycoprotein,1194,P,0.162,uređena,Mers
ARQ84735.1 ___spike glycoprotein,1195,E,0.172,uređena,Mers
ARQ84735.1 ___spike glycoprotein,1196,P,0.169,uređena,Mers
ARQ84735.1 ___spike glycoprotein,1197,I,0.15,uređena,Mers
ARQ84735.1 ___spike glycoprotein,1198,T,0.154,uređena,Mers
ARQ84735.1 ___spike glycoprotein,1199,S,0.156,uređena,Mers
ARQ84735.1 ___spike glycoprotein,1200,L,0.142,uređena,Mers
ARQ84735.1 ___spike glycoprotein,1201,N,0.143,uređena,Mers
ARQ84735.1 ___spike glycoprotein,1202,T,0.136,uređena,Mers
ARQ84735.1 ___spike glycoprotein,1203,K,0.128,uređena,Mers
ARQ84735.1 ___spike glycoprotein,1204,Y,0.11,uređena,Mers
ARQ84735.1 ___spike glycoprotein,1205,V,0.112,uređena,Mers
ARQ84735.1 ___spike glycoprotein,1206,A,0.129,uređena,Mers
ARQ84735.1 ___spike glycoprotein,1207,P,0.145,uređena,Mers
ARQ84735.1 ___spike glycoprotein,1208,Q,0.146,uređena,Mers
ARQ84735.1 ___spike glycoprotein,1209,V,0.137,uređena,Mers
ARQ84735.1 ___spike glycoprotein,1210,T,0.143,uređena,Mers
ARQ84735.1 ___spike glycoprotein,1211,Y,0.146,uređena,Mers
ARQ84735.1 ___spike glycoprotein,1212,Q,0.178,uređena,Mers
ARQ84735.1 ___spike glycoprotein,1213,N,0.194,uređena,Mers
ARQ84735.1 ___spike glycoprotein,1214,I,0.203,uređena,Mers
ARQ84735.1 ___spike glycoprotein,1215,S,0.245,uređena,Mers
ARQ84735.1 ___spike glycoprotein,1216,T,0.262,uređena,Mers
ARQ84735.1 ___spike glycoprotein,1217,N,0.277,uređena,Mers
ARQ84735.1 ___spike glycoprotein,1218,L,0.284,uređena,Mers
ARQ84735.1 ___spike glycoprotein,1219,P,0.313,uređena,Mers
ARQ84735.1 ___spike glycoprotein,1220,P,0.321,uređena,Mers
ARQ84735.1 ___spike glycoprotein,1221,P,0.312,uređena,Mers
ARQ84735.1 ___spike glycoprotein,1222,L,0.281,uređena,Mers
ARQ84735.1 ___spike glycoprotein,1223,L,0.273,uređena,Mers
ARQ84735.1 ___spike glycoprotein,1224,G,0.284,uređena,Mers
ARQ84735.1 ___spike glycoprotein,1225,N,0.29,uređena,Mers
ARQ84735.1 ___spike glycoprotein,1226,S,0.288,uređena,Mers
ARQ84735.1 ___spike glycoprotein,1227,T,0.266,uređena,Mers
ARQ84735.1 ___spike glycoprotein,1228,G,0.243,uređena,Mers
ARQ84735.1 ___spike glycoprotein,1229,I,0.215,uređena,Mers
ARQ84735.1 ___spike glycoprotein,1230,D,0.215,uređena,Mers
ARQ84735.1 ___spike glycoprotein,1231,F,0.204,uređena,Mers
ARQ84735.1 ___spike glycoprotein,1232,Q,0.219,uređena,Mers
ARQ84735.1 ___spike glycoprotein,1233,D,0.222,uređena,Mers
ARQ84735.1 ___spike glycoprotein,1234,E,0.214,uređena,Mers
ARQ84735.1 ___spike glycoprotein,1235,L,0.191,uređena,Mers
ARQ84735.1 ___spike glycoprotein,1236,D,0.186,uređena,Mers
ARQ84735.1 ___spike glycoprotein,1237,E,0.17,uređena,Mers
ARQ84735.1 ___spike glycoprotein,1238,F,0.138,uređena,Mers
ARQ84735.1 ___spike glycoprotein,1239,F,0.132,uređena,Mers
ARQ84735.1 ___spike glycoprotein,1240,K,0.148,uređena,Mers
ARQ84735.1 ___spike glycoprotein,1241,N,0.153,uređena,Mers
ARQ84735.1 ___spike glycoprotein,1242,V,0.152,uređena,Mers
ARQ84735.1 ___spike glycoprotein,1243,S,0.166,uređena,Mers
ARQ84735.1 ___spike glycoprotein,1244,T,0.164,uređena,Mers
ARQ84735.1 ___spike glycoprotein,1245,S,0.161,uređena,Mers
ARQ84735.1 ___spike glycoprotein,1246,I,0.141,uređena,Mers
ARQ84735.1 ___spike glycoprotein,1247,P,0.143,uređena,Mers
ARQ84735.1 ___spike glycoprotein,1248,N,0.131,uređena,Mers
ARQ84735.1 ___spike glycoprotein,1249,F,0.11,uređena,Mers
ARQ84735.1 ___spike glycoprotein,1250,G,0.111,uređena,Mers
ARQ84735.1 ___spike glycoprotein,1251,S,0.107,uređena,Mers
ARQ84735.1 ___spike glycoprotein,1252,L,0.089,uređena,Mers
ARQ84735.1 ___spike glycoprotein,1253,T,0.084,uređena,Mers
ARQ84735.1 ___spike glycoprotein,1254,Q,0.077,uređena,Mers
ARQ84735.1 ___spike glycoprotein,1255,I,0.061,uređena,Mers
ARQ84735.1 ___spike glycoprotein,1256,N,0.06,uređena,Mers
ARQ84735.1 ___spike glycoprotein,1257,T,0.053,uređena,Mers
ARQ84735.1 ___spike glycoprotein,1258,T,0.044,uređena,Mers
ARQ84735.1 ___spike glycoprotein,1259,L,0.033,uređena,Mers
ARQ84735.1 ___spike glycoprotein,1260,L,0.03,uređena,Mers
ARQ84735.1 ___spike glycoprotein,1261,D,0.031,uređena,Mers
ARQ84735.1 ___spike glycoprotein,1262,L,0.028,uređena,Mers
ARQ84735.1 ___spike glycoprotein,1263,T,0.029,uređena,Mers
ARQ84735.1 ___spike glycoprotein,1264,Y,0.029,uređena,Mers
ARQ84735.1 ___spike glycoprotein,1265,E,0.039,uređena,Mers
ARQ84735.1 ___spike glycoprotein,1266,M,0.041,uređena,Mers
ARQ84735.1 ___spike glycoprotein,1267,L,0.042,uređena,Mers
ARQ84735.1 ___spike glycoprotein,1268,S,0.051,uređena,Mers
ARQ84735.1 ___spike glycoprotein,1269,L,0.05,uređena,Mers
ARQ84735.1 ___spike glycoprotein,1270,Q,0.056,uređena,Mers
ARQ84735.1 ___spike glycoprotein,1271,Q,0.055,uređena,Mers
ARQ84735.1 ___spike glycoprotein,1272,V,0.046,uređena,Mers
ARQ84735.1 ___spike glycoprotein,1273,V,0.046,uređena,Mers
ARQ84735.1 ___spike glycoprotein,1274,K,0.054,uređena,Mers
ARQ84735.1 ___spike glycoprotein,1275,A,0.054,uređena,Mers
ARQ84735.1 ___spike glycoprotein,1276,L,0.054,uređena,Mers
ARQ84735.1 ___spike glycoprotein,1277,N,0.062,uređena,Mers
ARQ84735.1 ___spike glycoprotein,1278,E,0.064,uređena,Mers
ARQ84735.1 ___spike glycoprotein,1279,S,0.057,uređena,Mers
ARQ84735.1 ___spike glycoprotein,1280,Y,0.037,uređena,Mers
ARQ84735.1 ___spike glycoprotein,1281,I,0.033,uređena,Mers
ARQ84735.1 ___spike glycoprotein,1282,D,0.037,uređena,Mers
ARQ84735.1 ___spike glycoprotein,1283,L,0.036,uređena,Mers
ARQ84735.1 ___spike glycoprotein,1284,K,0.042,uređena,Mers
ARQ84735.1 ___spike glycoprotein,1285,E,0.041,uređena,Mers
ARQ84735.1 ___spike glycoprotein,1286,L,0.032,uređena,Mers
ARQ84735.1 ___spike glycoprotein,1287,G,0.029,uređena,Mers
ARQ84735.1 ___spike glycoprotein,1288,N,0.024,uređena,Mers
ARQ84735.1 ___spike glycoprotein,1289,Y,0.013,uređena,Mers
ARQ84735.1 ___spike glycoprotein,1290,T,0.011,uređena,Mers
ARQ84735.1 ___spike glycoprotein,1291,Y,0.006,uređena,Mers
ARQ84735.1 ___spike glycoprotein,1292,Y,0.006,uređena,Mers
ARQ84735.1 ___spike glycoprotein,1293,N,0.009,uređena,Mers
ARQ84735.1 ___spike glycoprotein,1294,K,0.009,uređena,Mers
ARQ84735.1 ___spike glycoprotein,1295,W,0.004,uređena,Mers
ARQ84735.1 ___spike glycoprotein,1296,P,0.005,uređena,Mers
ARQ84735.1 ___spike glycoprotein,1297,W,0.002,uređena,Mers
ARQ84735.1 ___spike glycoprotein,1298,Y,0.001,uređena,Mers
ARQ84735.1 ___spike glycoprotein,1299,I,0.001,uređena,Mers
ARQ84735.1 ___spike glycoprotein,1300,W,0.001,uređena,Mers
ARQ84735.1 ___spike glycoprotein,1301,L,0.002,uređena,Mers
ARQ84735.1 ___spike glycoprotein,1302,G,0.003,uređena,Mers
ARQ84735.1 ___spike glycoprotein,1303,F,0.003,uređena,Mers
ARQ84735.1 ___spike glycoprotein,1304,I,0.003,uređena,Mers
ARQ84735.1 ___spike glycoprotein,1305,A,0.006,uređena,Mers
ARQ84735.1 ___spike glycoprotein,1306,G,0.007,uređena,Mers
ARQ84735.1 ___spike glycoprotein,1307,L,0.005,uređena,Mers
ARQ84735.1 ___spike glycoprotein,1308,V,0.004,uređena,Mers
ARQ84735.1 ___spike glycoprotein,1309,A,0.005,uređena,Mers
ARQ84735.1 ___spike glycoprotein,1310,L,0.004,uređena,Mers
ARQ84735.1 ___spike glycoprotein,1311,A,0.004,uređena,Mers
ARQ84735.1 ___spike glycoprotein,1312,L,0.003,uređena,Mers
ARQ84735.1 ___spike glycoprotein,1313,C,0.002,uređena,Mers
ARQ84735.1 ___spike glycoprotein,1314,V,0.001,uređena,Mers
ARQ84735.1 ___spike glycoprotein,1315,F,0.001,uređena,Mers
ARQ84735.1 ___spike glycoprotein,1316,F,0.001,uređena,Mers
ARQ84735.1 ___spike glycoprotein,1317,I,0.001,uređena,Mers
ARQ84735.1 ___spike glycoprotein,1318,L,0.002,uređena,Mers
ARQ84735.1 ___spike glycoprotein,1319,C,0.002,uređena,Mers
ARQ84735.1 ___spike glycoprotein,1320,C,0.004,uređena,Mers
ARQ84735.1 ___spike glycoprotein,1321,T,0.009,uređena,Mers
ARQ84735.1 ___spike glycoprotein,1322,G,0.012,uređena,Mers
ARQ84735.1 ___spike glycoprotein,1323,C,0.012,uređena,Mers
ARQ84735.1 ___spike glycoprotein,1324,G,0.02,uređena,Mers
ARQ84735.1 ___spike glycoprotein,1325,T,0.024,uređena,Mers
ARQ84735.1 ___spike glycoprotein,1326,N,0.026,uređena,Mers
ARQ84735.1 ___spike glycoprotein,1327,C,0.024,uređena,Mers
ARQ84735.1 ___spike glycoprotein,1328,M,0.032,uređena,Mers
ARQ84735.1 ___spike glycoprotein,1329,G,0.039,uređena,Mers
ARQ84735.1 ___spike glycoprotein,1330,K,0.042,uređena,Mers
ARQ84735.1 ___spike glycoprotein,1331,L,0.039,uređena,Mers
ARQ84735.1 ___spike glycoprotein,1332,K,0.043,uređena,Mers
ARQ84735.1 ___spike glycoprotein,1333,C,0.041,uređena,Mers
ARQ84735.1 ___spike glycoprotein,1334,N,0.051,uređena,Mers
ARQ84735.1 ___spike glycoprotein,1335,R,0.056,uređena,Mers
ARQ84735.1 ___spike glycoprotein,1336,C,0.055,uređena,Mers
ARQ84735.1 ___spike glycoprotein,1337,C,0.071,uređena,Mers
ARQ84735.1 ___spike glycoprotein,1338,D,0.122,uređena,Mers
ARQ84735.1 ___spike glycoprotein,1339,R,0.156,uređena,Mers
ARQ84735.1 ___spike glycoprotein,1340,Y,0.178,uređena,Mers
ARQ84735.1 ___spike glycoprotein,1341,E,0.254,uređena,Mers
ARQ84735.1 ___spike glycoprotein,1342,E,0.297,uređena,Mers
ARQ84735.1 ___spike glycoprotein,1343,Y,0.319,uređena,Mers
ARQ84735.1 ___spike glycoprotein,1344,D,0.398,uređena,Mers
ARQ84735.1 ___spike glycoprotein,1345,L,0.451,uređena,Mers
ARQ84735.1 ___spike glycoprotein,1346,E,0.562,neuređena,Mers
ARQ84735.1 ___spike glycoprotein,1347,P,0.629,neuređena,Mers
ARQ84735.1 ___spike glycoprotein,1348,H,0.662,neuređena,Mers
ARQ84735.1 ___spike glycoprotein,1349,K,0.696,neuređena,Mers
ARQ84735.1 ___spike glycoprotein,1350,V,0.716,neuređena,Mers
ARQ84735.1 ___spike glycoprotein,1351,H,0.77,neuređena,Mers
ARQ84735.1 ___spike glycoprotein,1352,V,0.825,neuređena,Mers
ARQ84735.1 ___spike glycoprotein,1353,H,0.944,neuređena,Mers
