Naziv proteina,Pozicija,Aminokiselina,IUPRED3 rezultat,Klasifikacija,Virus
YP_138520.1 |nucleoprotein,1,M,0.0831,uređena,Ebola
YP_138520.1 |nucleoprotein,2,D,0.1282,uređena,Ebola
YP_138520.1 |nucleoprotein,3,K,0.1693,uređena,Ebola
YP_138520.1 |nucleoprotein,4,R,0.2029,uređena,Ebola
YP_138520.1 |nucleoprotein,5,V,0.2267,uređena,Ebola
YP_138520.1 |nucleoprotein,6,R,0.24,uređena,Ebola
YP_138520.1 |nucleoprotein,7,G,0.243,uređena,Ebola
YP_138520.1 |nucleoprotein,8,S,0.2369,uređena,Ebola
YP_138520.1 |nucleoprotein,9,W,0.2235,uređena,Ebola
YP_138520.1 |nucleoprotein,10,A,0.205,uređena,Ebola
YP_138520.1 |nucleoprotein,11,L,0.1861,uređena,Ebola
YP_138520.1 |nucleoprotein,12,G,0.1626,uređena,Ebola
YP_138520.1 |nucleoprotein,13,G,0.1453,uređena,Ebola
YP_138520.1 |nucleoprotein,14,Q,0.1265,uređena,Ebola
YP_138520.1 |nucleoprotein,15,S,0.1097,uređena,Ebola
YP_138520.1 |nucleoprotein,16,E,0.0874,uređena,Ebola
YP_138520.1 |nucleoprotein,17,V,0.0807,uređena,Ebola
YP_138520.1 |nucleoprotein,18,D,0.0794,uređena,Ebola
YP_138520.1 |nucleoprotein,19,L,0.0934,uređena,Ebola
YP_138520.1 |nucleoprotein,20,D,0.1031,uređena,Ebola
YP_138520.1 |nucleoprotein,21,Y,0.1179,uređena,Ebola
YP_138520.1 |nucleoprotein,22,H,0.1215,uređena,Ebola
YP_138520.1 |nucleoprotein,23,K,0.1216,uređena,Ebola
YP_138520.1 |nucleoprotein,24,I,0.1133,uređena,Ebola
YP_138520.1 |nucleoprotein,25,L,0.1074,uređena,Ebola
YP_138520.1 |nucleoprotein,26,T,0.0988,uređena,Ebola
YP_138520.1 |nucleoprotein,27,A,0.0899,uređena,Ebola
YP_138520.1 |nucleoprotein,28,G,0.0785,uređena,Ebola
YP_138520.1 |nucleoprotein,29,L,0.075,uređena,Ebola
YP_138520.1 |nucleoprotein,30,S,0.0685,uređena,Ebola
YP_138520.1 |nucleoprotein,31,V,0.0747,uređena,Ebola
YP_138520.1 |nucleoprotein,32,Q,0.0762,uređena,Ebola
YP_138520.1 |nucleoprotein,33,Q,0.0738,uređena,Ebola
YP_138520.1 |nucleoprotein,34,G,0.0639,uređena,Ebola
YP_138520.1 |nucleoprotein,35,I,0.0585,uređena,Ebola
YP_138520.1 |nucleoprotein,36,V,0.0581,uređena,Ebola
YP_138520.1 |nucleoprotein,37,R,0.0625,uređena,Ebola
YP_138520.1 |nucleoprotein,38,Q,0.0653,uređena,Ebola
YP_138520.1 |nucleoprotein,39,R,0.0689,uređena,Ebola
YP_138520.1 |nucleoprotein,40,V,0.0684,uređena,Ebola
YP_138520.1 |nucleoprotein,41,I,0.0719,uređena,Ebola
YP_138520.1 |nucleoprotein,42,P,0.0686,uređena,Ebola
YP_138520.1 |nucleoprotein,43,V,0.0634,uređena,Ebola
YP_138520.1 |nucleoprotein,44,Y,0.0572,uređena,Ebola
YP_138520.1 |nucleoprotein,45,V,0.0506,uređena,Ebola
YP_138520.1 |nucleoprotein,46,V,0.0452,uređena,Ebola
YP_138520.1 |nucleoprotein,47,S,0.0388,uređena,Ebola
YP_138520.1 |nucleoprotein,48,D,0.0338,uređena,Ebola
YP_138520.1 |nucleoprotein,49,L,0.0343,uređena,Ebola
YP_138520.1 |nucleoprotein,50,E,0.0337,uređena,Ebola
YP_138520.1 |nucleoprotein,51,G,0.0347,uređena,Ebola
YP_138520.1 |nucleoprotein,52,I,0.0333,uređena,Ebola
YP_138520.1 |nucleoprotein,53,C,0.0358,uređena,Ebola
YP_138520.1 |nucleoprotein,54,Q,0.0408,uređena,Ebola
YP_138520.1 |nucleoprotein,55,H,0.0494,uređena,Ebola
YP_138520.1 |nucleoprotein,56,I,0.0583,uređena,Ebola
YP_138520.1 |nucleoprotein,57,I,0.0704,uređena,Ebola
YP_138520.1 |nucleoprotein,58,Q,0.0832,uređena,Ebola
YP_138520.1 |nucleoprotein,59,A,0.0936,uređena,Ebola
YP_138520.1 |nucleoprotein,60,F,0.1007,uređena,Ebola
YP_138520.1 |nucleoprotein,61,E,0.1032,uređena,Ebola
YP_138520.1 |nucleoprotein,62,A,0.0994,uređena,Ebola
YP_138520.1 |nucleoprotein,63,G,0.0885,uređena,Ebola
YP_138520.1 |nucleoprotein,64,V,0.0751,uređena,Ebola
YP_138520.1 |nucleoprotein,65,D,0.0585,uređena,Ebola
YP_138520.1 |nucleoprotein,66,F,0.0461,uređena,Ebola
YP_138520.1 |nucleoprotein,67,Q,0.0339,uređena,Ebola
YP_138520.1 |nucleoprotein,68,D,0.0275,uređena,Ebola
YP_138520.1 |nucleoprotein,69,N,0.0233,uređena,Ebola
YP_138520.1 |nucleoprotein,70,A,0.019,uređena,Ebola
YP_138520.1 |nucleoprotein,71,D,0.0208,uređena,Ebola
YP_138520.1 |nucleoprotein,72,S,0.0277,uređena,Ebola
YP_138520.1 |nucleoprotein,73,F,0.0372,uređena,Ebola
YP_138520.1 |nucleoprotein,74,L,0.0439,uređena,Ebola
YP_138520.1 |nucleoprotein,75,L,0.0501,uređena,Ebola
YP_138520.1 |nucleoprotein,76,L,0.0542,uređena,Ebola
YP_138520.1 |nucleoprotein,77,L,0.0538,uređena,Ebola
YP_138520.1 |nucleoprotein,78,C,0.0506,uređena,Ebola
YP_138520.1 |nucleoprotein,79,L,0.044,uređena,Ebola
YP_138520.1 |nucleoprotein,80,H,0.0367,uređena,Ebola
YP_138520.1 |nucleoprotein,81,H,0.031,uređena,Ebola
YP_138520.1 |nucleoprotein,82,A,0.0227,uređena,Ebola
YP_138520.1 |nucleoprotein,83,Y,0.0183,uređena,Ebola
YP_138520.1 |nucleoprotein,84,Q,0.0221,uređena,Ebola
YP_138520.1 |nucleoprotein,85,G,0.0306,uređena,Ebola
YP_138520.1 |nucleoprotein,86,D,0.0494,uređena,Ebola
YP_138520.1 |nucleoprotein,87,H,0.0659,uređena,Ebola
YP_138520.1 |nucleoprotein,88,R,0.0858,uređena,Ebola
YP_138520.1 |nucleoprotein,89,L,0.1047,uređena,Ebola
YP_138520.1 |nucleoprotein,90,F,0.1225,uređena,Ebola
YP_138520.1 |nucleoprotein,91,L,0.1363,uređena,Ebola
YP_138520.1 |nucleoprotein,92,K,0.1425,uređena,Ebola
YP_138520.1 |nucleoprotein,93,S,0.1393,uređena,Ebola
YP_138520.1 |nucleoprotein,94,D,0.121,uređena,Ebola
YP_138520.1 |nucleoprotein,95,A,0.0928,uređena,Ebola
YP_138520.1 |nucleoprotein,96,V,0.0741,uređena,Ebola
YP_138520.1 |nucleoprotein,97,Q,0.0654,uređena,Ebola
YP_138520.1 |nucleoprotein,98,Y,0.0664,uređena,Ebola
YP_138520.1 |nucleoprotein,99,L,0.0839,uređena,Ebola
YP_138520.1 |nucleoprotein,100,E,0.1111,uređena,Ebola
YP_138520.1 |nucleoprotein,101,G,0.1356,uređena,Ebola
YP_138520.1 |nucleoprotein,102,H,0.1554,uređena,Ebola
YP_138520.1 |nucleoprotein,103,G,0.1802,uređena,Ebola
YP_138520.1 |nucleoprotein,104,F,0.2014,uređena,Ebola
YP_138520.1 |nucleoprotein,105,R,0.2076,uređena,Ebola
YP_138520.1 |nucleoprotein,106,F,0.2193,uređena,Ebola
YP_138520.1 |nucleoprotein,107,E,0.2154,uređena,Ebola
YP_138520.1 |nucleoprotein,108,V,0.2114,uređena,Ebola
YP_138520.1 |nucleoprotein,109,R,0.201,uređena,Ebola
YP_138520.1 |nucleoprotein,110,E,0.2006,uređena,Ebola
YP_138520.1 |nucleoprotein,111,K,0.1967,uređena,Ebola
YP_138520.1 |nucleoprotein,112,E,0.198,uređena,Ebola
YP_138520.1 |nucleoprotein,113,N,0.204,uređena,Ebola
YP_138520.1 |nucleoprotein,114,V,0.2219,uređena,Ebola
YP_138520.1 |nucleoprotein,115,H,0.244,uređena,Ebola
YP_138520.1 |nucleoprotein,116,R,0.2794,uređena,Ebola
YP_138520.1 |nucleoprotein,117,L,0.3163,uređena,Ebola
YP_138520.1 |nucleoprotein,118,D,0.3539,uređena,Ebola
YP_138520.1 |nucleoprotein,119,E,0.3807,uređena,Ebola
YP_138520.1 |nucleoprotein,120,L,0.3763,uređena,Ebola
YP_138520.1 |nucleoprotein,121,L,0.3595,uređena,Ebola
YP_138520.1 |nucleoprotein,122,P,0.3338,uređena,Ebola
YP_138520.1 |nucleoprotein,123,N,0.2967,uređena,Ebola
YP_138520.1 |nucleoprotein,124,V,0.2626,uređena,Ebola
YP_138520.1 |nucleoprotein,125,T,0.2362,uređena,Ebola
YP_138520.1 |nucleoprotein,126,G,0.239,uređena,Ebola
YP_138520.1 |nucleoprotein,127,G,0.2532,uređena,Ebola
YP_138520.1 |nucleoprotein,128,K,0.2869,uređena,Ebola
YP_138520.1 |nucleoprotein,129,N,0.327,uređena,Ebola
YP_138520.1 |nucleoprotein,130,L,0.3821,uređena,Ebola
YP_138520.1 |nucleoprotein,131,R,0.434,uređena,Ebola
YP_138520.1 |nucleoprotein,132,R,0.4915,uređena,Ebola
YP_138520.1 |nucleoprotein,133,T,0.5364,neuređena,Ebola
YP_138520.1 |nucleoprotein,134,L,0.5686,neuređena,Ebola
YP_138520.1 |nucleoprotein,135,A,0.5839,neuređena,Ebola
YP_138520.1 |nucleoprotein,136,A,0.5908,neuređena,Ebola
YP_138520.1 |nucleoprotein,137,M,0.5798,neuređena,Ebola
YP_138520.1 |nucleoprotein,138,P,0.543,neuređena,Ebola
YP_138520.1 |nucleoprotein,139,E,0.5007,neuređena,Ebola
YP_138520.1 |nucleoprotein,140,E,0.467,uređena,Ebola
YP_138520.1 |nucleoprotein,141,E,0.4302,uređena,Ebola
YP_138520.1 |nucleoprotein,142,T,0.3807,uređena,Ebola
YP_138520.1 |nucleoprotein,143,T,0.3377,uređena,Ebola
YP_138520.1 |nucleoprotein,144,E,0.3051,uređena,Ebola
YP_138520.1 |nucleoprotein,145,A,0.2748,uređena,Ebola
YP_138520.1 |nucleoprotein,146,N,0.244,uređena,Ebola
YP_138520.1 |nucleoprotein,147,A,0.2165,uređena,Ebola
YP_138520.1 |nucleoprotein,148,G,0.1859,uređena,Ebola
YP_138520.1 |nucleoprotein,149,Q,0.145,uređena,Ebola
YP_138520.1 |nucleoprotein,150,F,0.114,uređena,Ebola
YP_138520.1 |nucleoprotein,151,L,0.0853,uređena,Ebola
YP_138520.1 |nucleoprotein,152,S,0.0541,uređena,Ebola
YP_138520.1 |nucleoprotein,153,F,0.0357,uređena,Ebola
YP_138520.1 |nucleoprotein,154,A,0.0315,uređena,Ebola
YP_138520.1 |nucleoprotein,155,S,0.024,uređena,Ebola
YP_138520.1 |nucleoprotein,156,L,0.0159,uređena,Ebola
YP_138520.1 |nucleoprotein,157,F,0.0105,uređena,Ebola
YP_138520.1 |nucleoprotein,158,L,0.0156,uređena,Ebola
YP_138520.1 |nucleoprotein,159,P,0.0208,uređena,Ebola
YP_138520.1 |nucleoprotein,160,K,0.0236,uređena,Ebola
YP_138520.1 |nucleoprotein,161,L,0.0199,uređena,Ebola
YP_138520.1 |nucleoprotein,162,V,0.0224,uređena,Ebola
YP_138520.1 |nucleoprotein,163,V,0.0343,uređena,Ebola
YP_138520.1 |nucleoprotein,164,G,0.0478,uređena,Ebola
YP_138520.1 |nucleoprotein,165,E,0.0569,uređena,Ebola
YP_138520.1 |nucleoprotein,166,K,0.0632,uređena,Ebola
YP_138520.1 |nucleoprotein,167,A,0.0811,uređena,Ebola
YP_138520.1 |nucleoprotein,168,C,0.1036,uređena,Ebola
YP_138520.1 |nucleoprotein,169,L,0.1383,uređena,Ebola
YP_138520.1 |nucleoprotein,170,E,0.1744,uređena,Ebola
YP_138520.1 |nucleoprotein,171,K,0.202,uređena,Ebola
YP_138520.1 |nucleoprotein,172,V,0.2067,uređena,Ebola
YP_138520.1 |nucleoprotein,173,Q,0.2124,uređena,Ebola
YP_138520.1 |nucleoprotein,174,R,0.2166,uređena,Ebola
YP_138520.1 |nucleoprotein,175,Q,0.2052,uređena,Ebola
YP_138520.1 |nucleoprotein,176,I,0.2009,uređena,Ebola
YP_138520.1 |nucleoprotein,177,Q,0.1999,uređena,Ebola
YP_138520.1 |nucleoprotein,178,V,0.2052,uređena,Ebola
YP_138520.1 |nucleoprotein,179,H,0.1984,uređena,Ebola
YP_138520.1 |nucleoprotein,180,A,0.2014,uređena,Ebola
YP_138520.1 |nucleoprotein,181,E,0.2116,uređena,Ebola
YP_138520.1 |nucleoprotein,182,Q,0.2275,uređena,Ebola
YP_138520.1 |nucleoprotein,183,G,0.2394,uređena,Ebola
YP_138520.1 |nucleoprotein,184,L,0.2382,uređena,Ebola
YP_138520.1 |nucleoprotein,185,I,0.233,uređena,Ebola
YP_138520.1 |nucleoprotein,186,Q,0.2191,uređena,Ebola
YP_138520.1 |nucleoprotein,187,Y,0.2087,uređena,Ebola
YP_138520.1 |nucleoprotein,188,P,0.1931,uređena,Ebola
YP_138520.1 |nucleoprotein,189,T,0.1701,uređena,Ebola
YP_138520.1 |nucleoprotein,190,S,0.1295,uređena,Ebola
YP_138520.1 |nucleoprotein,191,W,0.1018,uređena,Ebola
YP_138520.1 |nucleoprotein,192,Q,0.0856,uređena,Ebola
YP_138520.1 |nucleoprotein,193,S,0.0669,uređena,Ebola
YP_138520.1 |nucleoprotein,194,V,0.0588,uređena,Ebola
YP_138520.1 |nucleoprotein,195,G,0.0596,uređena,Ebola
YP_138520.1 |nucleoprotein,196,H,0.0686,uređena,Ebola
YP_138520.1 |nucleoprotein,197,M,0.0728,uređena,Ebola
YP_138520.1 |nucleoprotein,198,M,0.0746,uređena,Ebola
YP_138520.1 |nucleoprotein,199,V,0.0651,uređena,Ebola
YP_138520.1 |nucleoprotein,200,I,0.052,uređena,Ebola
YP_138520.1 |nucleoprotein,201,F,0.0381,uređena,Ebola
YP_138520.1 |nucleoprotein,202,R,0.0217,uređena,Ebola
YP_138520.1 |nucleoprotein,203,L,0.0093,uređena,Ebola
YP_138520.1 |nucleoprotein,204,M,0.004,uređena,Ebola
YP_138520.1 |nucleoprotein,205,R,0.0067,uređena,Ebola
YP_138520.1 |nucleoprotein,206,T,0.0098,uređena,Ebola
YP_138520.1 |nucleoprotein,207,N,0.0112,uređena,Ebola
YP_138520.1 |nucleoprotein,208,F,0.0092,uređena,Ebola
YP_138520.1 |nucleoprotein,209,L,0.0106,uređena,Ebola
YP_138520.1 |nucleoprotein,210,I,0.0172,uređena,Ebola
YP_138520.1 |nucleoprotein,211,K,0.0235,uređena,Ebola
YP_138520.1 |nucleoprotein,212,F,0.0249,uređena,Ebola
YP_138520.1 |nucleoprotein,213,L,0.0209,uređena,Ebola
YP_138520.1 |nucleoprotein,214,L,0.0282,uređena,Ebola
YP_138520.1 |nucleoprotein,215,I,0.0394,uređena,Ebola
YP_138520.1 |nucleoprotein,216,H,0.0483,uređena,Ebola
YP_138520.1 |nucleoprotein,217,Q,0.0525,uređena,Ebola
YP_138520.1 |nucleoprotein,218,G,0.056,uređena,Ebola
YP_138520.1 |nucleoprotein,219,M,0.0705,uređena,Ebola
YP_138520.1 |nucleoprotein,220,H,0.0943,uređena,Ebola
YP_138520.1 |nucleoprotein,221,M,0.1318,uređena,Ebola
YP_138520.1 |nucleoprotein,222,V,0.1658,uređena,Ebola
YP_138520.1 |nucleoprotein,223,A,0.2135,uređena,Ebola
YP_138520.1 |nucleoprotein,224,G,0.2614,uređena,Ebola
YP_138520.1 |nucleoprotein,225,H,0.2913,uređena,Ebola
YP_138520.1 |nucleoprotein,226,D,0.3073,uređena,Ebola
YP_138520.1 |nucleoprotein,227,A,0.3172,uređena,Ebola
YP_138520.1 |nucleoprotein,228,N,0.3265,uređena,Ebola
YP_138520.1 |nucleoprotein,229,D,0.3303,uređena,Ebola
YP_138520.1 |nucleoprotein,230,T,0.3163,uređena,Ebola
YP_138520.1 |nucleoprotein,231,V,0.2842,uređena,Ebola
YP_138520.1 |nucleoprotein,232,I,0.2565,uređena,Ebola
YP_138520.1 |nucleoprotein,233,S,0.2315,uređena,Ebola
YP_138520.1 |nucleoprotein,234,N,0.2056,uređena,Ebola
YP_138520.1 |nucleoprotein,235,S,0.1691,uređena,Ebola
YP_138520.1 |nucleoprotein,236,V,0.1292,uređena,Ebola
YP_138520.1 |nucleoprotein,237,A,0.0959,uređena,Ebola
YP_138520.1 |nucleoprotein,238,Q,0.0679,uređena,Ebola
YP_138520.1 |nucleoprotein,239,A,0.0494,uređena,Ebola
YP_138520.1 |nucleoprotein,240,R,0.0286,uređena,Ebola
YP_138520.1 |nucleoprotein,241,F,0.0269,uređena,Ebola
YP_138520.1 |nucleoprotein,242,S,0.0353,uređena,Ebola
YP_138520.1 |nucleoprotein,243,G,0.0387,uređena,Ebola
YP_138520.1 |nucleoprotein,244,L,0.0376,uređena,Ebola
YP_138520.1 |nucleoprotein,245,L,0.0331,uređena,Ebola
YP_138520.1 |nucleoprotein,246,I,0.0332,uređena,Ebola
YP_138520.1 |nucleoprotein,247,V,0.0379,uređena,Ebola
YP_138520.1 |nucleoprotein,248,K,0.0362,uređena,Ebola
YP_138520.1 |nucleoprotein,249,T,0.0319,uređena,Ebola
YP_138520.1 |nucleoprotein,250,V,0.0273,uređena,Ebola
YP_138520.1 |nucleoprotein,251,L,0.028,uređena,Ebola
YP_138520.1 |nucleoprotein,252,D,0.036,uređena,Ebola
YP_138520.1 |nucleoprotein,253,H,0.0456,uređena,Ebola
YP_138520.1 |nucleoprotein,254,I,0.0482,uređena,Ebola
YP_138520.1 |nucleoprotein,255,L,0.0609,uređena,Ebola
YP_138520.1 |nucleoprotein,256,Q,0.0882,uređena,Ebola
YP_138520.1 |nucleoprotein,257,K,0.1163,uređena,Ebola
YP_138520.1 |nucleoprotein,258,T,0.1305,uređena,Ebola
YP_138520.1 |nucleoprotein,259,D,0.1473,uređena,Ebola
YP_138520.1 |nucleoprotein,260,L,0.1684,uređena,Ebola
YP_138520.1 |nucleoprotein,261,G,0.188,uređena,Ebola
YP_138520.1 |nucleoprotein,262,V,0.2225,uređena,Ebola
YP_138520.1 |nucleoprotein,263,R,0.2498,uređena,Ebola
YP_138520.1 |nucleoprotein,264,L,0.2794,uređena,Ebola
YP_138520.1 |nucleoprotein,265,H,0.2983,uređena,Ebola
YP_138520.1 |nucleoprotein,266,P,0.3172,uređena,Ebola
YP_138520.1 |nucleoprotein,267,L,0.3233,uređena,Ebola
YP_138520.1 |nucleoprotein,268,A,0.3123,uređena,Ebola
YP_138520.1 |nucleoprotein,269,R,0.3064,uređena,Ebola
YP_138520.1 |nucleoprotein,270,T,0.3,uređena,Ebola
YP_138520.1 |nucleoprotein,271,A,0.2884,uređena,Ebola
YP_138520.1 |nucleoprotein,272,K,0.2617,uređena,Ebola
YP_138520.1 |nucleoprotein,273,V,0.2461,uređena,Ebola
YP_138520.1 |nucleoprotein,274,K,0.2388,uređena,Ebola
YP_138520.1 |nucleoprotein,275,N,0.2447,uređena,Ebola
YP_138520.1 |nucleoprotein,276,E,0.2436,uređena,Ebola
YP_138520.1 |nucleoprotein,277,V,0.2378,uređena,Ebola
YP_138520.1 |nucleoprotein,278,S,0.2366,uređena,Ebola
YP_138520.1 |nucleoprotein,279,S,0.239,uređena,Ebola
YP_138520.1 |nucleoprotein,280,F,0.2478,uređena,Ebola
YP_138520.1 |nucleoprotein,281,K,0.2493,uređena,Ebola
YP_138520.1 |nucleoprotein,282,A,0.2575,uređena,Ebola
YP_138520.1 |nucleoprotein,283,A,0.2452,uređena,Ebola
YP_138520.1 |nucleoprotein,284,L,0.2389,uređena,Ebola
YP_138520.1 |nucleoprotein,285,G,0.2184,uređena,Ebola
YP_138520.1 |nucleoprotein,286,S,0.1857,uređena,Ebola
YP_138520.1 |nucleoprotein,287,L,0.1617,uređena,Ebola
YP_138520.1 |nucleoprotein,288,A,0.1399,uređena,Ebola
YP_138520.1 |nucleoprotein,289,K,0.121,uređena,Ebola
YP_138520.1 |nucleoprotein,290,H,0.1105,uređena,Ebola
YP_138520.1 |nucleoprotein,291,G,0.1077,uređena,Ebola
YP_138520.1 |nucleoprotein,292,E,0.103,uređena,Ebola
YP_138520.1 |nucleoprotein,293,Y,0.1117,uređena,Ebola
YP_138520.1 |nucleoprotein,294,A,0.1274,uređena,Ebola
YP_138520.1 |nucleoprotein,295,P,0.1472,uređena,Ebola
YP_138520.1 |nucleoprotein,296,F,0.1689,uređena,Ebola
YP_138520.1 |nucleoprotein,297,A,0.1833,uređena,Ebola
YP_138520.1 |nucleoprotein,298,R,0.1936,uređena,Ebola
YP_138520.1 |nucleoprotein,299,L,0.1947,uređena,Ebola
YP_138520.1 |nucleoprotein,300,L,0.1913,uređena,Ebola
YP_138520.1 |nucleoprotein,301,N,0.1838,uređena,Ebola
YP_138520.1 |nucleoprotein,302,L,0.1777,uređena,Ebola
YP_138520.1 |nucleoprotein,303,S,0.1697,uređena,Ebola
YP_138520.1 |nucleoprotein,304,G,0.1639,uređena,Ebola
YP_138520.1 |nucleoprotein,305,V,0.159,uređena,Ebola
YP_138520.1 |nucleoprotein,306,N,0.1593,uređena,Ebola
YP_138520.1 |nucleoprotein,307,N,0.1654,uređena,Ebola
YP_138520.1 |nucleoprotein,308,L,0.1735,uređena,Ebola
YP_138520.1 |nucleoprotein,309,E,0.1781,uređena,Ebola
YP_138520.1 |nucleoprotein,310,H,0.1819,uređena,Ebola
YP_138520.1 |nucleoprotein,311,G,0.1726,uređena,Ebola
YP_138520.1 |nucleoprotein,312,L,0.1596,uređena,Ebola
YP_138520.1 |nucleoprotein,313,Y,0.166,uređena,Ebola
YP_138520.1 |nucleoprotein,314,P,0.1796,uređena,Ebola
YP_138520.1 |nucleoprotein,315,Q,0.1854,uređena,Ebola
YP_138520.1 |nucleoprotein,316,L,0.1979,uređena,Ebola
YP_138520.1 |nucleoprotein,317,S,0.2006,uređena,Ebola
YP_138520.1 |nucleoprotein,318,A,0.2052,uređena,Ebola
YP_138520.1 |nucleoprotein,319,I,0.2129,uređena,Ebola
YP_138520.1 |nucleoprotein,320,A,0.215,uređena,Ebola
YP_138520.1 |nucleoprotein,321,L,0.2097,uređena,Ebola
YP_138520.1 |nucleoprotein,322,G,0.204,uređena,Ebola
YP_138520.1 |nucleoprotein,323,V,0.1983,uređena,Ebola
YP_138520.1 |nucleoprotein,324,A,0.1871,uređena,Ebola
YP_138520.1 |nucleoprotein,325,T,0.1914,uređena,Ebola
YP_138520.1 |nucleoprotein,326,A,0.2003,uređena,Ebola
YP_138520.1 |nucleoprotein,327,H,0.2126,uređena,Ebola
YP_138520.1 |nucleoprotein,328,G,0.2393,uređena,Ebola
YP_138520.1 |nucleoprotein,329,S,0.2645,uređena,Ebola
YP_138520.1 |nucleoprotein,330,T,0.289,uređena,Ebola
YP_138520.1 |nucleoprotein,331,L,0.3183,uređena,Ebola
YP_138520.1 |nucleoprotein,332,A,0.3554,uređena,Ebola
YP_138520.1 |nucleoprotein,333,G,0.3884,uređena,Ebola
YP_138520.1 |nucleoprotein,334,V,0.4063,uređena,Ebola
YP_138520.1 |nucleoprotein,335,N,0.4054,uređena,Ebola
YP_138520.1 |nucleoprotein,336,V,0.4164,uređena,Ebola
YP_138520.1 |nucleoprotein,337,G,0.4187,uređena,Ebola
YP_138520.1 |nucleoprotein,338,E,0.4207,uređena,Ebola
YP_138520.1 |nucleoprotein,339,Q,0.4237,uređena,Ebola
YP_138520.1 |nucleoprotein,340,Y,0.4361,uređena,Ebola
YP_138520.1 |nucleoprotein,341,Q,0.4563,uređena,Ebola
YP_138520.1 |nucleoprotein,342,Q,0.4763,uređena,Ebola
YP_138520.1 |nucleoprotein,343,L,0.4988,uređena,Ebola
YP_138520.1 |nucleoprotein,344,R,0.5109,neuređena,Ebola
YP_138520.1 |nucleoprotein,345,E,0.5288,neuređena,Ebola
YP_138520.1 |nucleoprotein,346,A,0.5395,neuređena,Ebola
YP_138520.1 |nucleoprotein,347,A,0.5383,neuređena,Ebola
YP_138520.1 |nucleoprotein,348,T,0.5464,neuređena,Ebola
YP_138520.1 |nucleoprotein,349,E,0.5512,neuređena,Ebola
YP_138520.1 |nucleoprotein,350,A,0.5652,neuređena,Ebola
YP_138520.1 |nucleoprotein,351,E,0.5855,neuređena,Ebola
YP_138520.1 |nucleoprotein,352,K,0.6034,neuređena,Ebola
YP_138520.1 |nucleoprotein,353,Q,0.607,neuređena,Ebola
YP_138520.1 |nucleoprotein,354,L,0.6136,neuređena,Ebola
YP_138520.1 |nucleoprotein,355,Q,0.6086,neuređena,Ebola
YP_138520.1 |nucleoprotein,356,Q,0.5999,neuređena,Ebola
YP_138520.1 |nucleoprotein,357,Y,0.5848,neuređena,Ebola
YP_138520.1 |nucleoprotein,358,A,0.5769,neuređena,Ebola
YP_138520.1 |nucleoprotein,359,E,0.5822,neuređena,Ebola
YP_138520.1 |nucleoprotein,360,T,0.5878,neuređena,Ebola
YP_138520.1 |nucleoprotein,361,R,0.5881,neuređena,Ebola
YP_138520.1 |nucleoprotein,362,E,0.5827,neuređena,Ebola
YP_138520.1 |nucleoprotein,363,L,0.5856,neuređena,Ebola
YP_138520.1 |nucleoprotein,364,D,0.5742,neuređena,Ebola
YP_138520.1 |nucleoprotein,365,N,0.5543,neuređena,Ebola
YP_138520.1 |nucleoprotein,366,L,0.5308,neuređena,Ebola
YP_138520.1 |nucleoprotein,367,G,0.4932,uređena,Ebola
YP_138520.1 |nucleoprotein,368,L,0.4714,uređena,Ebola
YP_138520.1 |nucleoprotein,369,D,0.4497,uređena,Ebola
YP_138520.1 |nucleoprotein,370,E,0.4495,uređena,Ebola
YP_138520.1 |nucleoprotein,371,Q,0.4499,uređena,Ebola
YP_138520.1 |nucleoprotein,372,E,0.451,uređena,Ebola
YP_138520.1 |nucleoprotein,373,K,0.4527,uređena,Ebola
YP_138520.1 |nucleoprotein,374,K,0.4532,uređena,Ebola
YP_138520.1 |nucleoprotein,375,I,0.45,uređena,Ebola
YP_138520.1 |nucleoprotein,376,L,0.4508,uređena,Ebola
YP_138520.1 |nucleoprotein,377,M,0.4642,uređena,Ebola
YP_138520.1 |nucleoprotein,378,S,0.4614,uređena,Ebola
YP_138520.1 |nucleoprotein,379,F,0.4569,uređena,Ebola
YP_138520.1 |nucleoprotein,380,H,0.4468,uređena,Ebola
YP_138520.1 |nucleoprotein,381,Q,0.4402,uređena,Ebola
YP_138520.1 |nucleoprotein,382,K,0.4248,uređena,Ebola
YP_138520.1 |nucleoprotein,383,K,0.4145,uređena,Ebola
YP_138520.1 |nucleoprotein,384,N,0.4097,uređena,Ebola
YP_138520.1 |nucleoprotein,385,E,0.4082,uređena,Ebola
YP_138520.1 |nucleoprotein,386,I,0.4192,uređena,Ebola
YP_138520.1 |nucleoprotein,387,S,0.4328,uređena,Ebola
YP_138520.1 |nucleoprotein,388,F,0.4675,uređena,Ebola
YP_138520.1 |nucleoprotein,389,Q,0.4889,uređena,Ebola
YP_138520.1 |nucleoprotein,390,Q,0.5018,neuređena,Ebola
YP_138520.1 |nucleoprotein,391,T,0.5022,neuređena,Ebola
YP_138520.1 |nucleoprotein,392,N,0.4904,uređena,Ebola
YP_138520.1 |nucleoprotein,393,A,0.4732,uređena,Ebola
YP_138520.1 |nucleoprotein,394,M,0.455,uređena,Ebola
YP_138520.1 |nucleoprotein,395,V,0.4473,uređena,Ebola
YP_138520.1 |nucleoprotein,396,T,0.4374,uređena,Ebola
YP_138520.1 |nucleoprotein,397,L,0.438,uređena,Ebola
YP_138520.1 |nucleoprotein,398,R,0.4395,uređena,Ebola
YP_138520.1 |nucleoprotein,399,K,0.4583,uređena,Ebola
YP_138520.1 |nucleoprotein,400,E,0.4634,uređena,Ebola
YP_138520.1 |nucleoprotein,401,R,0.4572,uređena,Ebola
YP_138520.1 |nucleoprotein,402,L,0.4449,uređena,Ebola
YP_138520.1 |nucleoprotein,403,A,0.438,uređena,Ebola
YP_138520.1 |nucleoprotein,404,K,0.4293,uređena,Ebola
YP_138520.1 |nucleoprotein,405,L,0.4234,uređena,Ebola
YP_138520.1 |nucleoprotein,406,T,0.4255,uređena,Ebola
YP_138520.1 |nucleoprotein,407,E,0.4282,uređena,Ebola
YP_138520.1 |nucleoprotein,408,A,0.4267,uređena,Ebola
YP_138520.1 |nucleoprotein,409,I,0.4345,uređena,Ebola
YP_138520.1 |nucleoprotein,410,T,0.4458,uređena,Ebola
YP_138520.1 |nucleoprotein,411,T,0.4764,uređena,Ebola
YP_138520.1 |nucleoprotein,412,A,0.5043,neuređena,Ebola
YP_138520.1 |nucleoprotein,413,S,0.5334,neuređena,Ebola
YP_138520.1 |nucleoprotein,414,K,0.5533,neuređena,Ebola
YP_138520.1 |nucleoprotein,415,I,0.5763,neuređena,Ebola
YP_138520.1 |nucleoprotein,416,K,0.605,neuređena,Ebola
YP_138520.1 |nucleoprotein,417,V,0.6434,neuređena,Ebola
YP_138520.1 |nucleoprotein,418,G,0.6653,neuređena,Ebola
YP_138520.1 |nucleoprotein,419,D,0.6742,neuređena,Ebola
YP_138520.1 |nucleoprotein,420,R,0.6676,neuređena,Ebola
YP_138520.1 |nucleoprotein,421,Y,0.6645,neuređena,Ebola
YP_138520.1 |nucleoprotein,422,P,0.6697,neuređena,Ebola
YP_138520.1 |nucleoprotein,423,D,0.6807,neuređena,Ebola
YP_138520.1 |nucleoprotein,424,D,0.6968,neuređena,Ebola
YP_138520.1 |nucleoprotein,425,N,0.7227,neuređena,Ebola
YP_138520.1 |nucleoprotein,426,D,0.7431,neuređena,Ebola
YP_138520.1 |nucleoprotein,427,I,0.7731,neuređena,Ebola
YP_138520.1 |nucleoprotein,428,P,0.802,neuređena,Ebola
YP_138520.1 |nucleoprotein,429,F,0.8477,neuređena,Ebola
YP_138520.1 |nucleoprotein,430,P,0.8815,neuređena,Ebola
YP_138520.1 |nucleoprotein,431,G,0.9106,neuređena,Ebola
YP_138520.1 |nucleoprotein,432,P,0.9205,neuređena,Ebola
YP_138520.1 |nucleoprotein,433,I,0.9203,neuređena,Ebola
YP_138520.1 |nucleoprotein,434,Y,0.9243,neuređena,Ebola
YP_138520.1 |nucleoprotein,435,D,0.9335,neuređena,Ebola
YP_138520.1 |nucleoprotein,436,E,0.9399,neuređena,Ebola
YP_138520.1 |nucleoprotein,437,T,0.9469,neuređena,Ebola
YP_138520.1 |nucleoprotein,438,H,0.9519,neuređena,Ebola
YP_138520.1 |nucleoprotein,439,P,0.9548,neuređena,Ebola
YP_138520.1 |nucleoprotein,440,N,0.9605,neuređena,Ebola
YP_138520.1 |nucleoprotein,441,P,0.9669,neuređena,Ebola
YP_138520.1 |nucleoprotein,442,S,0.9709,neuređena,Ebola
YP_138520.1 |nucleoprotein,443,D,0.9703,neuređena,Ebola
YP_138520.1 |nucleoprotein,444,D,0.9721,neuređena,Ebola
YP_138520.1 |nucleoprotein,445,N,0.9738,neuređena,Ebola
YP_138520.1 |nucleoprotein,446,P,0.9733,neuređena,Ebola
YP_138520.1 |nucleoprotein,447,D,0.9711,neuređena,Ebola
YP_138520.1 |nucleoprotein,448,D,0.9635,neuređena,Ebola
YP_138520.1 |nucleoprotein,449,S,0.9566,neuređena,Ebola
YP_138520.1 |nucleoprotein,450,R,0.9434,neuređena,Ebola
YP_138520.1 |nucleoprotein,451,D,0.9359,neuređena,Ebola
YP_138520.1 |nucleoprotein,452,T,0.9268,neuređena,Ebola
YP_138520.1 |nucleoprotein,453,T,0.9131,neuređena,Ebola
YP_138520.1 |nucleoprotein,454,I,0.9074,neuređena,Ebola
YP_138520.1 |nucleoprotein,455,P,0.9015,neuređena,Ebola
YP_138520.1 |nucleoprotein,456,G,0.8955,neuređena,Ebola
YP_138520.1 |nucleoprotein,457,G,0.8807,neuređena,Ebola
YP_138520.1 |nucleoprotein,458,V,0.8673,neuređena,Ebola
YP_138520.1 |nucleoprotein,459,V,0.8545,neuređena,Ebola
YP_138520.1 |nucleoprotein,460,D,0.8454,neuređena,Ebola
YP_138520.1 |nucleoprotein,461,P,0.8341,neuređena,Ebola
YP_138520.1 |nucleoprotein,462,Y,0.8281,neuređena,Ebola
YP_138520.1 |nucleoprotein,463,D,0.8264,neuređena,Ebola
YP_138520.1 |nucleoprotein,464,D,0.8326,neuređena,Ebola
YP_138520.1 |nucleoprotein,465,E,0.8421,neuređena,Ebola
YP_138520.1 |nucleoprotein,466,S,0.8517,neuređena,Ebola
YP_138520.1 |nucleoprotein,467,N,0.8615,neuređena,Ebola
YP_138520.1 |nucleoprotein,468,N,0.8759,neuređena,Ebola
YP_138520.1 |nucleoprotein,469,Y,0.8936,neuređena,Ebola
YP_138520.1 |nucleoprotein,470,P,0.9088,neuređena,Ebola
YP_138520.1 |nucleoprotein,471,D,0.9148,neuređena,Ebola
YP_138520.1 |nucleoprotein,472,Y,0.9096,neuređena,Ebola
YP_138520.1 |nucleoprotein,473,E,0.8956,neuređena,Ebola
YP_138520.1 |nucleoprotein,474,D,0.8791,neuređena,Ebola
YP_138520.1 |nucleoprotein,475,S,0.8469,neuređena,Ebola
YP_138520.1 |nucleoprotein,476,A,0.816,neuređena,Ebola
YP_138520.1 |nucleoprotein,477,E,0.7915,neuređena,Ebola
YP_138520.1 |nucleoprotein,478,G,0.7796,neuređena,Ebola
YP_138520.1 |nucleoprotein,479,T,0.7764,neuređena,Ebola
YP_138520.1 |nucleoprotein,480,T,0.7839,neuređena,Ebola
YP_138520.1 |nucleoprotein,481,G,0.8014,neuređena,Ebola
YP_138520.1 |nucleoprotein,482,D,0.8271,neuređena,Ebola
YP_138520.1 |nucleoprotein,483,L,0.8535,neuređena,Ebola
YP_138520.1 |nucleoprotein,484,D,0.8753,neuređena,Ebola
YP_138520.1 |nucleoprotein,485,L,0.8917,neuređena,Ebola
YP_138520.1 |nucleoprotein,486,F,0.9065,neuređena,Ebola
YP_138520.1 |nucleoprotein,487,N,0.9135,neuređena,Ebola
YP_138520.1 |nucleoprotein,488,L,0.924,neuređena,Ebola
YP_138520.1 |nucleoprotein,489,D,0.9367,neuređena,Ebola
YP_138520.1 |nucleoprotein,490,D,0.9422,neuređena,Ebola
YP_138520.1 |nucleoprotein,491,D,0.9489,neuređena,Ebola
YP_138520.1 |nucleoprotein,492,D,0.9595,neuređena,Ebola
YP_138520.1 |nucleoprotein,493,D,0.9649,neuređena,Ebola
YP_138520.1 |nucleoprotein,494,D,0.9688,neuređena,Ebola
YP_138520.1 |nucleoprotein,495,S,0.9738,neuređena,Ebola
YP_138520.1 |nucleoprotein,496,Q,0.9787,neuređena,Ebola
YP_138520.1 |nucleoprotein,497,P,0.982,neuređena,Ebola
YP_138520.1 |nucleoprotein,498,G,0.986,neuređena,Ebola
YP_138520.1 |nucleoprotein,499,P,0.9889,neuređena,Ebola
YP_138520.1 |nucleoprotein,500,P,0.9891,neuređena,Ebola
YP_138520.1 |nucleoprotein,501,D,0.9852,neuređena,Ebola
YP_138520.1 |nucleoprotein,502,R,0.9826,neuređena,Ebola
YP_138520.1 |nucleoprotein,503,G,0.9818,neuređena,Ebola
YP_138520.1 |nucleoprotein,504,Q,0.9799,neuređena,Ebola
YP_138520.1 |nucleoprotein,505,S,0.977,neuređena,Ebola
YP_138520.1 |nucleoprotein,506,K,0.9735,neuređena,Ebola
YP_138520.1 |nucleoprotein,507,E,0.9693,neuređena,Ebola
YP_138520.1 |nucleoprotein,508,R,0.9687,neuređena,Ebola
YP_138520.1 |nucleoprotein,509,A,0.963,neuređena,Ebola
YP_138520.1 |nucleoprotein,510,A,0.9528,neuređena,Ebola
YP_138520.1 |nucleoprotein,511,R,0.9421,neuređena,Ebola
YP_138520.1 |nucleoprotein,512,T,0.9318,neuređena,Ebola
YP_138520.1 |nucleoprotein,513,H,0.9195,neuređena,Ebola
YP_138520.1 |nucleoprotein,514,G,0.9066,neuređena,Ebola
YP_138520.1 |nucleoprotein,515,L,0.897,neuređena,Ebola
YP_138520.1 |nucleoprotein,516,Q,0.8913,neuređena,Ebola
YP_138520.1 |nucleoprotein,517,D,0.8908,neuređena,Ebola
YP_138520.1 |nucleoprotein,518,P,0.891,neuređena,Ebola
YP_138520.1 |nucleoprotein,519,T,0.8927,neuređena,Ebola
YP_138520.1 |nucleoprotein,520,L,0.8981,neuređena,Ebola
YP_138520.1 |nucleoprotein,521,D,0.9099,neuređena,Ebola
YP_138520.1 |nucleoprotein,522,G,0.9236,neuređena,Ebola
YP_138520.1 |nucleoprotein,523,A,0.9348,neuređena,Ebola
YP_138520.1 |nucleoprotein,524,K,0.9423,neuređena,Ebola
YP_138520.1 |nucleoprotein,525,K,0.9502,neuređena,Ebola
YP_138520.1 |nucleoprotein,526,V,0.9574,neuređena,Ebola
YP_138520.1 |nucleoprotein,527,P,0.9559,neuređena,Ebola
YP_138520.1 |nucleoprotein,528,E,0.9482,neuređena,Ebola
YP_138520.1 |nucleoprotein,529,L,0.9375,neuređena,Ebola
YP_138520.1 |nucleoprotein,530,T,0.9291,neuređena,Ebola
YP_138520.1 |nucleoprotein,531,P,0.9234,neuređena,Ebola
YP_138520.1 |nucleoprotein,532,G,0.919,neuređena,Ebola
YP_138520.1 |nucleoprotein,533,S,0.917,neuređena,Ebola
YP_138520.1 |nucleoprotein,534,H,0.9203,neuređena,Ebola
YP_138520.1 |nucleoprotein,535,Q,0.9292,neuređena,Ebola
YP_138520.1 |nucleoprotein,536,P,0.9383,neuređena,Ebola
YP_138520.1 |nucleoprotein,537,G,0.9473,neuređena,Ebola
YP_138520.1 |nucleoprotein,538,N,0.9539,neuređena,Ebola
YP_138520.1 |nucleoprotein,539,L,0.962,neuređena,Ebola
YP_138520.1 |nucleoprotein,540,H,0.9665,neuređena,Ebola
YP_138520.1 |nucleoprotein,541,I,0.9708,neuređena,Ebola
YP_138520.1 |nucleoprotein,542,T,0.9704,neuređena,Ebola
YP_138520.1 |nucleoprotein,543,K,0.9708,neuređena,Ebola
YP_138520.1 |nucleoprotein,544,P,0.9673,neuređena,Ebola
YP_138520.1 |nucleoprotein,545,G,0.9627,neuređena,Ebola
YP_138520.1 |nucleoprotein,546,S,0.9541,neuređena,Ebola
YP_138520.1 |nucleoprotein,547,N,0.9459,neuređena,Ebola
YP_138520.1 |nucleoprotein,548,T,0.941,neuređena,Ebola
YP_138520.1 |nucleoprotein,549,N,0.9404,neuređena,Ebola
YP_138520.1 |nucleoprotein,550,Q,0.941,neuređena,Ebola
YP_138520.1 |nucleoprotein,551,P,0.9427,neuređena,Ebola
YP_138520.1 |nucleoprotein,552,Q,0.9462,neuređena,Ebola
YP_138520.1 |nucleoprotein,553,G,0.9501,neuređena,Ebola
YP_138520.1 |nucleoprotein,554,N,0.9541,neuređena,Ebola
YP_138520.1 |nucleoprotein,555,M,0.9573,neuređena,Ebola
YP_138520.1 |nucleoprotein,556,S,0.9583,neuređena,Ebola
YP_138520.1 |nucleoprotein,557,S,0.9593,neuređena,Ebola
YP_138520.1 |nucleoprotein,558,T,0.9588,neuređena,Ebola
YP_138520.1 |nucleoprotein,559,L,0.9612,neuređena,Ebola
YP_138520.1 |nucleoprotein,560,Q,0.9625,neuređena,Ebola
YP_138520.1 |nucleoprotein,561,S,0.9653,neuređena,Ebola
YP_138520.1 |nucleoprotein,562,M,0.9668,neuređena,Ebola
YP_138520.1 |nucleoprotein,563,T,0.9684,neuređena,Ebola
YP_138520.1 |nucleoprotein,564,P,0.9675,neuređena,Ebola
YP_138520.1 |nucleoprotein,565,I,0.9692,neuređena,Ebola
YP_138520.1 |nucleoprotein,566,Q,0.9712,neuređena,Ebola
YP_138520.1 |nucleoprotein,567,E,0.9754,neuređena,Ebola
YP_138520.1 |nucleoprotein,568,E,0.9787,neuređena,Ebola
YP_138520.1 |nucleoprotein,569,S,0.9818,neuređena,Ebola
YP_138520.1 |nucleoprotein,570,E,0.9839,neuređena,Ebola
YP_138520.1 |nucleoprotein,571,P,0.9846,neuređena,Ebola
YP_138520.1 |nucleoprotein,572,D,0.9842,neuređena,Ebola
YP_138520.1 |nucleoprotein,573,D,0.9827,neuređena,Ebola
YP_138520.1 |nucleoprotein,574,Q,0.9797,neuređena,Ebola
YP_138520.1 |nucleoprotein,575,K,0.9789,neuređena,Ebola
YP_138520.1 |nucleoprotein,576,D,0.9783,neuređena,Ebola
YP_138520.1 |nucleoprotein,577,D,0.9778,neuređena,Ebola
YP_138520.1 |nucleoprotein,578,D,0.9781,neuređena,Ebola
YP_138520.1 |nucleoprotein,579,D,0.9787,neuređena,Ebola
YP_138520.1 |nucleoprotein,580,E,0.9786,neuređena,Ebola
YP_138520.1 |nucleoprotein,581,S,0.9762,neuređena,Ebola
YP_138520.1 |nucleoprotein,582,L,0.9722,neuređena,Ebola
YP_138520.1 |nucleoprotein,583,T,0.9673,neuređena,Ebola
YP_138520.1 |nucleoprotein,584,S,0.9597,neuređena,Ebola
YP_138520.1 |nucleoprotein,585,L,0.9493,neuređena,Ebola
YP_138520.1 |nucleoprotein,586,D,0.9387,neuređena,Ebola
YP_138520.1 |nucleoprotein,587,S,0.9324,neuređena,Ebola
YP_138520.1 |nucleoprotein,588,E,0.9258,neuređena,Ebola
YP_138520.1 |nucleoprotein,589,G,0.9207,neuređena,Ebola
YP_138520.1 |nucleoprotein,590,D,0.9187,neuređena,Ebola
YP_138520.1 |nucleoprotein,591,E,0.9183,neuređena,Ebola
YP_138520.1 |nucleoprotein,592,D,0.9196,neuređena,Ebola
YP_138520.1 |nucleoprotein,593,V,0.927,neuređena,Ebola
YP_138520.1 |nucleoprotein,594,E,0.9387,neuređena,Ebola
YP_138520.1 |nucleoprotein,595,S,0.9508,neuređena,Ebola
YP_138520.1 |nucleoprotein,596,V,0.9545,neuređena,Ebola
YP_138520.1 |nucleoprotein,597,S,0.9502,neuređena,Ebola
YP_138520.1 |nucleoprotein,598,G,0.9464,neuređena,Ebola
YP_138520.1 |nucleoprotein,599,E,0.9338,neuređena,Ebola
YP_138520.1 |nucleoprotein,600,N,0.9166,neuređena,Ebola
YP_138520.1 |nucleoprotein,601,N,0.8994,neuređena,Ebola
YP_138520.1 |nucleoprotein,602,P,0.8835,neuređena,Ebola
YP_138520.1 |nucleoprotein,603,T,0.8678,neuređena,Ebola
YP_138520.1 |nucleoprotein,604,V,0.8579,neuređena,Ebola
YP_138520.1 |nucleoprotein,605,A,0.8599,neuređena,Ebola
YP_138520.1 |nucleoprotein,606,P,0.8659,neuređena,Ebola
YP_138520.1 |nucleoprotein,607,P,0.873,neuređena,Ebola
YP_138520.1 |nucleoprotein,608,A,0.8782,neuređena,Ebola
YP_138520.1 |nucleoprotein,609,P,0.8791,neuređena,Ebola
YP_138520.1 |nucleoprotein,610,V,0.8843,neuređena,Ebola
YP_138520.1 |nucleoprotein,611,Y,0.8874,neuređena,Ebola
YP_138520.1 |nucleoprotein,612,K,0.8955,neuređena,Ebola
YP_138520.1 |nucleoprotein,613,D,0.902,neuređena,Ebola
YP_138520.1 |nucleoprotein,614,T,0.8973,neuređena,Ebola
YP_138520.1 |nucleoprotein,615,G,0.8873,neuređena,Ebola
YP_138520.1 |nucleoprotein,616,V,0.8832,neuređena,Ebola
YP_138520.1 |nucleoprotein,617,D,0.8788,neuređena,Ebola
YP_138520.1 |nucleoprotein,618,T,0.8773,neuređena,Ebola
YP_138520.1 |nucleoprotein,619,N,0.8759,neuređena,Ebola
YP_138520.1 |nucleoprotein,620,Q,0.8822,neuređena,Ebola
YP_138520.1 |nucleoprotein,621,Q,0.8894,neuređena,Ebola
YP_138520.1 |nucleoprotein,622,N,0.9022,neuređena,Ebola
YP_138520.1 |nucleoprotein,623,G,0.9215,neuređena,Ebola
YP_138520.1 |nucleoprotein,624,P,0.9398,neuređena,Ebola
YP_138520.1 |nucleoprotein,625,S,0.9495,neuređena,Ebola
YP_138520.1 |nucleoprotein,626,N,0.9472,neuređena,Ebola
YP_138520.1 |nucleoprotein,627,A,0.9368,neuređena,Ebola
YP_138520.1 |nucleoprotein,628,V,0.9265,neuređena,Ebola
YP_138520.1 |nucleoprotein,629,D,0.9115,neuređena,Ebola
YP_138520.1 |nucleoprotein,630,G,0.9086,neuređena,Ebola
YP_138520.1 |nucleoprotein,631,Q,0.9016,neuređena,Ebola
YP_138520.1 |nucleoprotein,632,G,0.8903,neuređena,Ebola
YP_138520.1 |nucleoprotein,633,S,0.8739,neuređena,Ebola
YP_138520.1 |nucleoprotein,634,E,0.8617,neuređena,Ebola
YP_138520.1 |nucleoprotein,635,S,0.8626,neuređena,Ebola
YP_138520.1 |nucleoprotein,636,E,0.8608,neuređena,Ebola
YP_138520.1 |nucleoprotein,637,A,0.859,neuređena,Ebola
YP_138520.1 |nucleoprotein,638,L,0.8589,neuređena,Ebola
YP_138520.1 |nucleoprotein,639,P,0.8516,neuređena,Ebola
YP_138520.1 |nucleoprotein,640,I,0.8379,neuređena,Ebola
YP_138520.1 |nucleoprotein,641,N,0.8035,neuređena,Ebola
YP_138520.1 |nucleoprotein,642,P,0.7625,neuređena,Ebola
YP_138520.1 |nucleoprotein,643,E,0.6954,neuređena,Ebola
YP_138520.1 |nucleoprotein,644,K,0.6328,neuređena,Ebola
YP_138520.1 |nucleoprotein,645,G,0.5776,neuređena,Ebola
YP_138520.1 |nucleoprotein,646,S,0.534,neuređena,Ebola
YP_138520.1 |nucleoprotein,647,A,0.5117,neuređena,Ebola
YP_138520.1 |nucleoprotein,648,L,0.5103,neuređena,Ebola
YP_138520.1 |nucleoprotein,649,E,0.5192,neuređena,Ebola
YP_138520.1 |nucleoprotein,650,E,0.5382,neuređena,Ebola
YP_138520.1 |nucleoprotein,651,T,0.5388,neuređena,Ebola
YP_138520.1 |nucleoprotein,652,Y,0.5311,neuređena,Ebola
YP_138520.1 |nucleoprotein,653,Y,0.5194,neuređena,Ebola
YP_138520.1 |nucleoprotein,654,H,0.4918,uređena,Ebola
YP_138520.1 |nucleoprotein,655,L,0.4506,uređena,Ebola
YP_138520.1 |nucleoprotein,656,L,0.3956,uređena,Ebola
YP_138520.1 |nucleoprotein,657,K,0.3424,uređena,Ebola
YP_138520.1 |nucleoprotein,658,T,0.3047,uređena,Ebola
YP_138520.1 |nucleoprotein,659,Q,0.272,uređena,Ebola
YP_138520.1 |nucleoprotein,660,G,0.2694,uređena,Ebola
YP_138520.1 |nucleoprotein,661,P,0.2693,uređena,Ebola
YP_138520.1 |nucleoprotein,662,F,0.2907,uređena,Ebola
YP_138520.1 |nucleoprotein,663,E,0.3156,uređena,Ebola
YP_138520.1 |nucleoprotein,664,A,0.3499,uređena,Ebola
YP_138520.1 |nucleoprotein,665,I,0.3762,uređena,Ebola
YP_138520.1 |nucleoprotein,666,N,0.3943,uređena,Ebola
YP_138520.1 |nucleoprotein,667,Y,0.403,uređena,Ebola
YP_138520.1 |nucleoprotein,668,Y,0.4039,uređena,Ebola
YP_138520.1 |nucleoprotein,669,H,0.3932,uređena,Ebola
YP_138520.1 |nucleoprotein,670,L,0.3881,uređena,Ebola
YP_138520.1 |nucleoprotein,671,M,0.3818,uređena,Ebola
YP_138520.1 |nucleoprotein,672,S,0.3849,uređena,Ebola
YP_138520.1 |nucleoprotein,673,D,0.3852,uređena,Ebola
YP_138520.1 |nucleoprotein,674,E,0.3878,uređena,Ebola
YP_138520.1 |nucleoprotein,675,P,0.3909,uređena,Ebola
YP_138520.1 |nucleoprotein,676,I,0.3956,uređena,Ebola
YP_138520.1 |nucleoprotein,677,A,0.3932,uređena,Ebola
YP_138520.1 |nucleoprotein,678,F,0.4109,uređena,Ebola
YP_138520.1 |nucleoprotein,679,S,0.4271,uređena,Ebola
YP_138520.1 |nucleoprotein,680,T,0.4369,uređena,Ebola
YP_138520.1 |nucleoprotein,681,E,0.439,uređena,Ebola
YP_138520.1 |nucleoprotein,682,S,0.4514,uređena,Ebola
YP_138520.1 |nucleoprotein,683,G,0.4567,uređena,Ebola
YP_138520.1 |nucleoprotein,684,K,0.4616,uređena,Ebola
YP_138520.1 |nucleoprotein,685,E,0.4569,uređena,Ebola
YP_138520.1 |nucleoprotein,686,Y,0.4389,uređena,Ebola
YP_138520.1 |nucleoprotein,687,I,0.4199,uređena,Ebola
YP_138520.1 |nucleoprotein,688,F,0.4228,uređena,Ebola
YP_138520.1 |nucleoprotein,689,P,0.423,uređena,Ebola
YP_138520.1 |nucleoprotein,690,D,0.425,uređena,Ebola
YP_138520.1 |nucleoprotein,691,S,0.4073,uređena,Ebola
YP_138520.1 |nucleoprotein,692,L,0.39,uređena,Ebola
YP_138520.1 |nucleoprotein,693,E,0.3737,uređena,Ebola
YP_138520.1 |nucleoprotein,694,E,0.3686,uređena,Ebola
YP_138520.1 |nucleoprotein,695,A,0.3707,uređena,Ebola
YP_138520.1 |nucleoprotein,696,Y,0.3997,uređena,Ebola
YP_138520.1 |nucleoprotein,697,P,0.4444,uređena,Ebola
YP_138520.1 |nucleoprotein,698,P,0.4847,uređena,Ebola
YP_138520.1 |nucleoprotein,699,W,0.5019,neuređena,Ebola
YP_138520.1 |nucleoprotein,700,L,0.5054,neuređena,Ebola
YP_138520.1 |nucleoprotein,701,S,0.4953,uređena,Ebola
YP_138520.1 |nucleoprotein,702,E,0.4719,uređena,Ebola
YP_138520.1 |nucleoprotein,703,K,0.4349,uređena,Ebola
YP_138520.1 |nucleoprotein,704,E,0.3975,uređena,Ebola
YP_138520.1 |nucleoprotein,705,A,0.3576,uređena,Ebola
YP_138520.1 |nucleoprotein,706,L,0.3395,uređena,Ebola
YP_138520.1 |nucleoprotein,707,E,0.3381,uređena,Ebola
YP_138520.1 |nucleoprotein,708,K,0.3475,uređena,Ebola
YP_138520.1 |nucleoprotein,709,E,0.3465,uređena,Ebola
YP_138520.1 |nucleoprotein,710,N,0.3379,uređena,Ebola
YP_138520.1 |nucleoprotein,711,R,0.3133,uređena,Ebola
YP_138520.1 |nucleoprotein,712,Y,0.2815,uređena,Ebola
YP_138520.1 |nucleoprotein,713,L,0.2417,uređena,Ebola
YP_138520.1 |nucleoprotein,714,V,0.2044,uređena,Ebola
YP_138520.1 |nucleoprotein,715,I,0.1808,uređena,Ebola
YP_138520.1 |nucleoprotein,716,D,0.1645,uređena,Ebola
YP_138520.1 |nucleoprotein,717,G,0.1491,uređena,Ebola
YP_138520.1 |nucleoprotein,718,Q,0.1333,uređena,Ebola
YP_138520.1 |nucleoprotein,719,Q,0.1212,uređena,Ebola
YP_138520.1 |nucleoprotein,720,F,0.1078,uređena,Ebola
YP_138520.1 |nucleoprotein,721,L,0.0901,uređena,Ebola
YP_138520.1 |nucleoprotein,722,W,0.0827,uređena,Ebola
YP_138520.1 |nucleoprotein,723,P,0.073,uređena,Ebola
YP_138520.1 |nucleoprotein,724,V,0.0665,uređena,Ebola
YP_138520.1 |nucleoprotein,725,M,0.0591,uređena,Ebola
YP_138520.1 |nucleoprotein,726,S,0.0594,uređena,Ebola
YP_138520.1 |nucleoprotein,727,L,0.0643,uređena,Ebola
YP_138520.1 |nucleoprotein,728,Q,0.0713,uređena,Ebola
YP_138520.1 |nucleoprotein,729,D,0.0804,uređena,Ebola
YP_138520.1 |nucleoprotein,730,K,0.0826,uređena,Ebola
YP_138520.1 |nucleoprotein,731,F,0.086,uređena,Ebola
YP_138520.1 |nucleoprotein,732,L,0.0919,uređena,Ebola
YP_138520.1 |nucleoprotein,733,A,0.1012,uređena,Ebola
YP_138520.1 |nucleoprotein,734,V,0.1139,uređena,Ebola
YP_138520.1 |nucleoprotein,735,L,0.129,uređena,Ebola
YP_138520.1 |nucleoprotein,736,Q,0.1442,uređena,Ebola
YP_138520.1 |nucleoprotein,737,H,0.1552,uređena,Ebola
YP_138520.1 |nucleoprotein,738,D,0.156,uređena,Ebola
